Term,P(class1),P(class2),P(class3),P(class4)
.,0.0471,0.0417,0.0344,0.0352
0-1,0.0002,0.0001,0.0002,0.0002
0.000541,0.0002,0.0001,0.0002,0.0002
0.001,0.0001,0.0005,0.0002,0.0002
0.0125,0.0001,0.0003,0.0002,0.0002
0.028,0.0001,0.0003,0.0002,0.0002
0.04,0.0001,0.0003,0.0002,0.0002
0.043,0.0001,0.0003,0.0002,0.0002
0.05,0.0002,0.0001,0.0002,0.0002
0.0552,0.0002,0.0001,0.0002,0.0002
0.09,0.0001,0.0003,0.0002,0.0002
0.0934,0.0002,0.0001,0.0002,0.0002
0.10,0.0001,0.0003,0.0002,0.0002
0.1181,0.0001,0.0003,0.0002,0.0002
0.12%,0.0002,0.0001,0.0002,0.0002
0.22%,0.0002,0.0001,0.0002,0.0002
0.28%,0.0002,0.0001,0.0002,0.0002
0.3029,0.0002,0.0001,0.0002,0.0002
0.3595,0.0002,0.0001,0.0002,0.0002
0.41%,0.0002,0.0001,0.0002,0.0002
0.45%,0.0002,0.0001,0.0002,0.0002
0.5%,0.0001,0.0001,0.0002,0.0004
0.55%,0.0002,0.0001,0.0002,0.0002
0.7%,0.0001,0.0001,0.0002,0.0004
0.72,0.0001,0.0003,0.0002,0.0002
0.8,0.0002,0.0001,0.0002,0.0002
0.8%,0.0002,0.0001,0.0002,0.0002
0.82,0.0001,0.0003,0.0002,0.0002
0.8578,0.0001,0.0001,0.0003,0.0002
0.86,0.0001,0.0003,0.0003,0.0002
0.88,0.0001,0.0001,0.0002,0.0004
0.91,0.0001,0.0003,0.0003,0.0002
0.9184,0.0002,0.0001,0.0002,0.0002
0.94,0.0001,0.0003,0.0002,0.0002
0.9595,0.0001,0.0001,0.0003,0.0002
0.96,0.0001,0.0001,0.0002,0.0004
0.967,0.0001,0.0003,0.0002,0.0002
0.99,0.0001,0.0003,0.0002,0.0002
04,0.0002,0.0001,0.0002,0.0002
05,0.0002,0.0001,0.0002,0.0002
06,0.0002,0.0001,0.0002,0.0002
1,0.0002,0.0004,0.0002,0.0002
1.0%,0.0001,0.0001,0.0002,0.0004
1.1%,0.0001,0.0001,0.0002,0.0004
1.3%,0.0002,0.0001,0.0002,0.0002
1.38,0.0002,0.0001,0.0002,0.0002
1.38%,0.0002,0.0001,0.0002,0.0002
1.47%,0.0002,0.0001,0.0002,0.0002
1.5,0.0001,0.0003,0.0002,0.0002
1.53%,0.0002,0.0001,0.0002,0.0002
1.6%,0.0002,0.0001,0.0002,0.0002
1.62,0.0002,0.0001,0.0002,0.0002
1.68%,0.0002,0.0001,0.0002,0.0002
1.8%,0.0002,0.0001,0.0002,0.0002
1.9901,0.0002,0.0001,0.0002,0.0002
10,0.0005,0.0003,0.0012,0.0002
10%,0.0002,0.0001,0.0002,0.0002
100,0.0002,0.0001,0.0002,0.0002
100%,0.0003,0.0003,0.0003,0.0002
1000,0.0002,0.0001,0.0002,0.0002
10d,0.0003,0.0001,0.0002,0.0002
11,0.0002,0.0001,0.0003,0.0002
11.4%,0.0002,0.0001,0.0002,0.0002
114,0.0001,0.0003,0.0002,0.0002
1167.29,0.0002,0.0001,0.0002,0.0002
1181.38,0.0002,0.0001,0.0002,0.0002
12.9%,0.0002,0.0001,0.0002,0.0002
120,0.0001,0.0001,0.0002,0.0004
13,0.0002,0.0003,0.0002,0.0002
141,0.0005,0.0001,0.0002,0.0002
15%,0.0003,0.0001,0.0002,0.0002
15.28%,0.0001,0.0003,0.0002,0.0002
16,0.0001,0.0003,0.0002,0.0002
172,0.0001,0.0003,0.0002,0.0002
19,0.0003,0.0001,0.0002,0.0002
191,0.0001,0.0001,0.0002,0.0004
196.7001,0.0002,0.0001,0.0002,0.0002
1989,0.0001,0.0003,0.0002,0.0002
2,0.0004,0.0001,0.0003,0.0002
2.1%,0.0002,0.0001,0.0002,0.0002
2.26,0.0002,0.0001,0.0002,0.0002
2.3%,0.0003,0.0001,0.0002,0.0002
2.32%,0.0002,0.0001,0.0002,0.0002
2.48,0.0001,0.0003,0.0002,0.0002
2.9%,0.0001,0.0001,0.0002,0.0004
20,0.0002,0.0001,0.0002,0.0002
20%,0.0002,0.0001,0.0002,0.0002
20.1575%,0.0001,0.0003,0.0002,0.0002
2000,0.0001,0.0003,0.0002,0.0002
2016,0.0001,0.0003,0.0002,0.0002
2017,0.0002,0.0001,0.0002,0.0002
2018,0.0002,0.0001,0.0002,0.0002
2020,0.0001,0.0003,0.0002,0.0002
2022,0.0003,0.0001,0.0002,0.0002
2024,0.0001,0.0004,0.0002,0.0002
20d,0.0003,0.0001,0.0002,0.0002
21,0.0003,0.0001,0.0003,0.0002
21%,0.0001,0.0001,0.0003,0.0002
21st,0.0001,0.0004,0.0002,0.0002
23,0.0002,0.0001,0.0002,0.0002
23.5738,0.0001,0.0003,0.0002,0.0002
232,0.0001,0.0001,0.0002,0.0004
24,0.0002,0.0001,0.0002,0.0002
24%,0.0002,0.0001,0.0002,0.0002
25,0.0002,0.0001,0.0002,0.0002
25%,0.0002,0.0001,0.0002,0.0002
25mbps,0.0001,0.0003,0.0002,0.0002
26,0.0001,0.0003,0.0002,0.0002
26%,0.0002,0.0001,0.0002,0.0002
27.2%,0.0002,0.0001,0.0002,0.0002
28.09%,0.0001,0.0001,0.0003,0.0002
280,0.0002,0.0001,0.0002,0.0002
29,0.0002,0.0001,0.0002,0.0002
29%,0.0001,0.0003,0.0002,0.0002
2b,0.0002,0.0001,0.0002,0.0002
2d,0.0002,0.0003,0.0002,0.0002
3,0.0003,0.0001,0.0002,0.0002
3.48,0.0002,0.0001,0.0002,0.0002
3.52,0.0002,0.0001,0.0002,0.0002
3.64,0.0002,0.0001,0.0002,0.0002
3.9991,0.0001,0.0003,0.0002,0.0002
30,0.0005,0.0003,0.0002,0.0004
30%,0.0001,0.0001,0.0003,0.0002
3087.68,0.0002,0.0001,0.0002,0.0002
3100.59,0.0002,0.0001,0.0002,0.0002
33,0.0002,0.0001,0.0002,0.0002
34,0.0002,0.0001,0.0002,0.0002
35%,0.0003,0.0001,0.0002,0.0002
37,0.0003,0.0001,0.0002,0.0002
37%,0.0001,0.0001,0.0003,0.0002
37.55,0.0001,0.0001,0.0003,0.0002
376.8249,0.0002,0.0001,0.0002,0.0002
38,0.0001,0.0003,0.0002,0.0002
39%,0.0002,0.0001,0.0002,0.0002
3d,0.0002,0.0005,0.0002,0.0002
4,0.0001,0.0003,0.0002,0.0002
4%,0.0002,0.0001,0.0002,0.0002
4.19,0.0002,0.0001,0.0002,0.0002
4.44,0.0002,0.0001,0.0002,0.0002
4.66%,0.0002,0.0001,0.0002,0.0002
4.8553,0.0001,0.0003,0.0002,0.0002
40,0.0002,0.0001,0.0002,0.0002
40.30%,0.0001,0.0003,0.0002,0.0002
415,0.0003,0.0001,0.0002,0.0002
42,0.0001,0.0003,0.0002,0.0002
42.73%,0.0001,0.0003,0.0002,0.0002
45,0.0002,0.0001,0.0002,0.0002
46.23%,0.0001,0.0001,0.0003,0.0002
47%,0.0001,0.0003,0.0002,0.0002
47.38%,0.0001,0.0003,0.0002,0.0002
5,0.0001,0.0003,0.0002,0.0002
5%,0.0003,0.0003,0.0002,0.0002
5.76,0.0002,0.0001,0.0002,0.0002
50,0.0002,0.0001,0.0003,0.0002
50%,0.0003,0.0001,0.0002,0.0002
53.61%,0.0001,0.0003,0.0002,0.0002
54.537,0.0001,0.0003,0.0002,0.0002
6,0.0001,0.0001,0.0003,0.0002
6.35%,0.0002,0.0001,0.0002,0.0002
6.61%,0.0002,0.0001,0.0002,0.0002
60%,0.0003,0.0001,0.0002,0.0002
7.4330,0.0002,0.0001,0.0002,0.0002
7.98,0.0002,0.0001,0.0002,0.0002
70%,0.0003,0.0001,0.0002,0.0002
76%,0.0002,0.0001,0.0002,0.0002
77.6%,0.0001,0.0001,0.0003,0.0002
77.7%,0.0002,0.0001,0.0002,0.0002
79.5%,0.0001,0.0001,0.0003,0.0002
79.6%,0.0001,0.0001,0.0003,0.0002
79.77%,0.0002,0.0001,0.0002,0.0002
8,0.0001,0.0003,0.0002,0.0004
80%,0.0002,0.0001,0.0002,0.0002
80.9%,0.0002,0.0001,0.0002,0.0002
80.92%,0.0002,0.0001,0.0002,0.0002
81%,0.0001,0.0001,0.0003,0.0002
84,0.0002,0.0001,0.0002,0.0002
85,0.0003,0.0001,0.0002,0.0002
85.4%,0.0001,0.0001,0.0003,0.0002
85.96%,0.0001,0.0001,0.0003,0.0002
86.93%,0.0001,0.0003,0.0002,0.0002
87.02%,0.0002,0.0001,0.0002,0.0002
87.18,0.0002,0.0001,0.0002,0.0002
88,0.0001,0.0001,0.0003,0.0002
89.8%,0.0001,0.0001,0.0003,0.0002
9,0.0002,0.0005,0.0003,0.0002
9.1%,0.0002,0.0001,0.0002,0.0002
9.35%,0.0001,0.0001,0.0003,0.0002
9.4%,0.0002,0.0001,0.0002,0.0002
90%,0.0002,0.0001,0.0002,0.0002
90.75%,0.0001,0.0001,0.0003,0.0002
90.76%,0.0001,0.0001,0.0003,0.0002
9019,0.0001,0.0003,0.0002,0.0002
92%,0.0001,0.0003,0.0002,0.0002
92.45%,0.0001,0.0003,0.0002,0.0002
92.63%,0.0001,0.0001,0.0003,0.0002
93.2%,0.0001,0.0003,0.0002,0.0002
93.33%,0.0001,0.0001,0.0003,0.0002
93.8%,0.0001,0.0001,0.0003,0.0002
94.3%,0.0001,0.0001,0.0003,0.0002
94.38%,0.0001,0.0003,0.0002,0.0002
94.785,0.0001,0.0003,0.0002,0.0002
95%,0.0001,0.0001,0.0003,0.0002
95.1%,0.0001,0.0001,0.0003,0.0002
95.11%,0.0002,0.0001,0.0002,0.0002
95.44%,0.0002,0.0001,0.0002,0.0002
95.6%,0.0001,0.0001,0.0003,0.0002
96%,0.0001,0.0001,0.0005,0.0002
96.04%,0.0001,0.0001,0.0003,0.0002
96.24%,0.0001,0.0001,0.0003,0.0002
96.25%,0.0001,0.0001,0.0005,0.0002
96.7%,0.0001,0.0001,0.0003,0.0002
96.97%,0.0002,0.0001,0.0002,0.0002
97%,0.0001,0.0001,0.0003,0.0002
97.49%,0.0002,0.0001,0.0002,0.0002
98%,0.0001,0.0003,0.0002,0.0002
98.14%,0.0002,0.0001,0.0002,0.0002
98.79%,0.0001,0.0003,0.0002,0.0002
98.86%,0.0002,0.0001,0.0002,0.0002
99,0.0001,0.0003,0.0002,0.0002
99%,0.0001,0.0004,0.0002,0.0002
_,0.0005,0.0001,0.0002,0.0002
abc,0.0008,0.0001,0.0002,0.0002
abc-ga-ql,0.0005,0.0001,0.0002,0.0002
abl,0.0005,0.0008,0.0017,0.0005
abnorm,0.0001,0.0004,0.0002,0.0002
abs,0.0002,0.0001,0.0002,0.0002
absolv,0.0001,0.0005,0.0007,0.0002
abstract,0.0002,0.0001,0.0002,0.0002
academ,0.0001,0.0003,0.0002,0.0005
acc,0.0016,0.0045,0.0078,0.0014
acceiv,0.0004,0.0003,0.0002,0.0002
accel,0.0004,0.0004,0.0003,0.0002
access,0.0003,0.0003,0.0002,0.0005
accompany,0.0001,0.0001,0.0002,0.0004
accompl,0.0002,0.0001,0.0003,0.0004
accord,0.0005,0.0003,0.0002,0.0004
account,0.0002,0.0003,0.0002,0.0002
achiev,0.0026,0.0021,0.0021,0.0011
aco,0.0002,0.0001,0.0002,0.0002
acoust,0.0004,0.0001,0.0002,0.0002
acquir,0.0001,0.0003,0.0003,0.0002
acquisit,0.0001,0.0003,0.0002,0.0004
across,0.0022,0.0013,0.0007,0.0007
act,0.0008,0.0007,0.0007,0.0007
ad,0.0002,0.0003,0.0002,0.0002
adaboost,0.0001,0.0003,0.0003,0.0002
adam,0.0001,0.0003,0.0002,0.0002
adapt,0.0024,0.0019,0.001,0.0009
adasyn,0.0001,0.0003,0.0002,0.0002
addit,0.0014,0.0011,0.0014,0.0011
address,0.0035,0.0017,0.0017,0.0009
adf,0.0001,0.0003,0.0002,0.0002
adh,0.0001,0.0003,0.0002,0.0002
adjust,0.0006,0.0004,0.001,0.0002
admin,0.0002,0.0001,0.0002,0.0002
adopt,0.0001,0.0004,0.0007,0.0002
adv,0.0016,0.0015,0.0009,0.0016
advers,0.0002,0.0001,0.0002,0.0004
aef,0.0002,0.0001,0.0002,0.0002
affect,0.0002,0.0003,0.0002,0.0002
affin,0.0002,0.0001,0.0002,0.0002
afterward,0.0002,0.0001,0.0005,0.0002
ag,0.0005,0.0001,0.0002,0.0004
aggreg,0.0004,0.0004,0.0003,0.0018
agil,0.0001,0.0003,0.0002,0.0002
ago,0.0001,0.0003,0.0002,0.0002
agricult,0.0001,0.0008,0.0017,0.0002
ah,0.0002,0.0001,0.0002,0.0002
ahead,0.0001,0.0001,0.0002,0.0004
ai,0.0001,0.0011,0.0002,0.0007
ai-driven,0.0001,0.0003,0.0002,0.0002
aid,0.0001,0.0001,0.0003,0.0004
aim,0.0009,0.0009,0.0009,0.0007
air,0.0002,0.0001,0.0002,0.0002
al-karkh,0.0001,0.0001,0.0003,0.0002
al-wathba,0.0001,0.0001,0.0003,0.0002
alarm,0.0001,0.0001,0.0002,0.0004
alexnet,0.0001,0.0004,0.0002,0.0002
algorithm,0.0217,0.0044,0.0135,0.0025
algorithm-based,0.0002,0.0001,0.0002,0.0002
algorithm-level,0.0001,0.0003,0.0002,0.0002
align,0.0001,0.0007,0.0002,0.0002
all-case,0.0001,0.0003,0.0002,0.0002
allevy,0.0002,0.0003,0.0002,0.0002
alloc,0.0004,0.0001,0.0002,0.0002
allow,0.0003,0.0001,0.0002,0.0004
almost,0.0001,0.0003,0.0002,0.0005
along,0.0001,0.0005,0.0003,0.0004
alongsid,0.0005,0.0003,0.0002,0.0002
alph,0.0003,0.0001,0.0002,0.0002
already,0.0001,0.0003,0.0002,0.0002
also,0.0016,0.0007,0.001,0.0011
altern,0.0003,0.0001,0.0002,0.0011
although,0.0002,0.0004,0.0002,0.0004
alway,0.0001,0.0003,0.0002,0.0002
am,0.0001,0.0012,0.0002,0.0002
amalgam,0.0001,0.0001,0.0003,0.0002
ambigu,0.0001,0.0003,0.0002,0.0009
amby,0.0001,0.0004,0.0002,0.0002
amidst,0.0002,0.0001,0.0002,0.0002
among,0.0007,0.0005,0.0005,0.0002
amount,0.0001,0.0003,0.0003,0.0002
an,0.0001,0.0001,0.0009,0.0002
anak,0.0001,0.0001,0.0007,0.0002
analys,0.0027,0.0036,0.0016,0.0025
anderson,0.0001,0.0003,0.0002,0.0002
angl,0.0001,0.0008,0.0002,0.0002
angul,0.0001,0.0001,0.0002,0.0004
anim,0.0001,0.0008,0.0002,0.0002
anoma,0.0001,0.0003,0.0002,0.0002
anoth,0.0001,0.0001,0.0002,0.0004
anov,0.0003,0.0001,0.0002,0.0002
ant,0.0009,0.0001,0.0002,0.0002
anticip,0.0001,0.0001,0.0002,0.0004
ao,0.0001,0.0001,0.0002,0.0005
apach,0.0001,0.0003,0.0002,0.0002
appl,0.0004,0.0003,0.0003,0.0009
apply,0.0028,0.0024,0.0019,0.0027
approach,0.0038,0.004,0.0028,0.005
appropry,0.0004,0.0003,0.0002,0.0002
approv,0.0001,0.0001,0.0003,0.0002
approxim,0.0001,0.0003,0.0003,0.0002
aqu,0.0001,0.0003,0.0002,0.0002
ar,0.0001,0.0004,0.0005,0.0007
arch,0.0006,0.0001,0.0002,0.0002
archim,0.0001,0.0001,0.0002,0.0004
architect,0.0001,0.0016,0.0005,0.0004
archive-driven,0.0002,0.0001,0.0002,0.0002
are,0.0007,0.0003,0.0007,0.0002
area,0.0002,0.0003,0.0003,0.0004
arim,0.0001,0.0004,0.0002,0.0002
arithmet,0.0001,0.0003,0.0002,0.0002
arm,0.0003,0.0004,0.0002,0.0002
aro,0.0006,0.0001,0.0002,0.0002
around,0.0002,0.0001,0.0002,0.0002
array,0.0002,0.0001,0.0002,0.0002
art,0.0015,0.0015,0.0005,0.0005
artic,0.0005,0.0008,0.0002,0.0002
ask,0.0002,0.0003,0.0002,0.0002
aspect,0.0003,0.0007,0.0003,0.0009
ass,0.0001,0.0003,0.0002,0.0002
assd,0.0001,0.0004,0.0002,0.0002
assess,0.0013,0.0003,0.001,0.0011
assign,0.0004,0.0008,0.0002,0.0002
assist,0.0003,0.0004,0.0002,0.0004
assocy,0.0003,0.0001,0.0002,0.0005
assumptions/prior,0.0001,0.0003,0.0002,0.0002
asthm,0.0001,0.0001,0.0005,0.0002
astut,0.0002,0.0001,0.0002,0.0002
asymmet,0.0003,0.0001,0.0002,0.0002
at,0.0002,0.0011,0.0002,0.0002
attack,0.0002,0.0001,0.0002,0.0002
attain,0.0002,0.0001,0.0003,0.0002
attempt,0.0002,0.0003,0.0002,0.0002
attentive-gin,0.0001,0.0003,0.0002,0.0002
attract,0.0001,0.0001,0.0003,0.0002
attribut,0.0001,0.0004,0.0002,0.0002
audio,0.0001,0.0003,0.0002,0.0005
aug,0.0002,0.0005,0.0012,0.0002
aust,0.0001,0.0001,0.0002,0.0004
auth,0.0002,0.0001,0.0002,0.0005
autom,0.0002,0.0012,0.0007,0.0002
autonom,0.0001,0.0004,0.0002,0.0002
autoregress,0.0001,0.0003,0.0002,0.0002
av,0.0008,0.0008,0.0002,0.0007
avail,0.0004,0.0003,0.0005,0.0007
avenu,0.0002,0.0001,0.0003,0.0002
avoid,0.0005,0.0003,0.0002,0.0002
aw,0.0001,0.0001,0.0002,0.0004
award,0.0001,0.0001,0.0002,0.0005
ax,0.0001,0.0005,0.0002,0.0002
axiom,0.0001,0.0001,0.0002,0.0004
ba,0.0002,0.0001,0.0002,0.0002
back,0.0001,0.0001,0.0002,0.0004
backbon,0.0001,0.0003,0.0002,0.0002
backward,0.0001,0.0003,0.0002,0.0002
bag,0.0001,0.0003,0.0002,0.0002
baghdad,0.0001,0.0001,0.0003,0.0002
bailout,0.0006,0.0001,0.0002,0.0002
bal,0.0028,0.0007,0.0009,0.0004
balk,0.0001,0.0001,0.0002,0.0004
bang-big,0.0004,0.0001,0.0002,0.0002
bangladesh,0.0001,0.0001,0.0005,0.0002
bank,0.0005,0.0003,0.0002,0.0002
bar,0.0002,0.0003,0.0002,0.0002
bas,0.0031,0.0028,0.0035,0.0034
base-learners,0.0001,0.0008,0.0002,0.0002
baselin,0.0003,0.0003,0.0002,0.0005
bat,0.0001,0.0001,0.0005,0.0002
bat-inspired,0.0002,0.0001,0.0002,0.0002
battery,0.0002,0.0008,0.0012,0.0002
bay,0.0001,0.0004,0.0002,0.0002
bayes,0.0001,0.0004,0.0002,0.0002
bbo,0.0002,0.0001,0.0002,0.0002
bcnn,0.0001,0.0005,0.0002,0.0002
beam,0.0003,0.0001,0.0002,0.0002
becom,0.0004,0.0003,0.0003,0.0004
bee,0.0005,0.0001,0.0005,0.0002
bee-inspired,0.0001,0.0001,0.001,0.0002
beetl,0.0005,0.0001,0.0002,0.0002
behavio,0.0003,0.0001,0.0002,0.0002
behavy,0.0008,0.0017,0.0002,0.0007
belief-ruled,0.0001,0.0005,0.0002,0.0002
believ,0.0001,0.0003,0.0002,0.0002
benchmark,0.0031,0.0008,0.0007,0.0004
benefit,0.0004,0.0003,0.0002,0.0005
besid,0.0002,0.0001,0.0002,0.0004
bess,0.0003,0.0001,0.0002,0.0002
best,0.0008,0.0001,0.0003,0.0005
best-insertion,0.0001,0.0001,0.0002,0.0004
bet,0.001,0.0005,0.0009,0.0007
beyond,0.0002,0.0003,0.0005,0.0005
bezier-based,0.0002,0.0001,0.0002,0.0002
bi-directional,0.0001,0.0001,0.0005,0.0002
bia,0.0001,0.0001,0.0003,0.0002
biagao,0.0001,0.0001,0.0003,0.0002
biahco,0.0001,0.0001,0.0003,0.0002
bias,0.0001,0.0001,0.0003,0.0002
biasao,0.0001,0.0001,0.0003,0.0002
bibliograph,0.0002,0.0001,0.0002,0.0002
big,0.0004,0.0001,0.0002,0.0002
bigbasket,0.0001,0.0001,0.0005,0.0002
bik,0.0001,0.0004,0.0002,0.0002
bil,0.0001,0.0003,0.0002,0.0002
bilinear,0.0001,0.0011,0.0002,0.0002
bilstm,0.0001,0.0001,0.001,0.0002
bim,0.0001,0.0003,0.0002,0.0002
bin,0.0001,0.0001,0.0003,0.0002
bio-inspired,0.0007,0.0001,0.0002,0.0002
biocompat,0.0001,0.0001,0.0002,0.0004
biography-based,0.0002,0.0001,0.0002,0.0002
biolog,0.0002,0.0003,0.0003,0.0002
biologically-inspired,0.0001,0.0003,0.0002,0.0002
bird,0.001,0.0001,0.0002,0.0002
birt,0.0001,0.0001,0.0002,0.0005
bka,0.0001,0.0004,0.0002,0.0002
black,0.0001,0.0005,0.0002,0.0002
black-winged,0.0001,0.0003,0.0002,0.0002
block,0.0002,0.0007,0.0002,0.0002
block-based,0.0001,0.0003,0.0002,0.0002
bls,0.0001,0.0003,0.0002,0.0002
blur,0.0001,0.0003,0.0002,0.0002
board,0.0003,0.0001,0.0002,0.0002
body,0.0003,0.0003,0.0002,0.0004
bolst,0.0002,0.0001,0.0002,0.0002
bon,0.0001,0.0003,0.0002,0.0002
bool,0.0001,0.0001,0.0002,0.0004
boost,0.0003,0.0004,0.0007,0.0004
bottom-up,0.0001,0.0001,0.0002,0.0004
bound,0.0003,0.0001,0.0002,0.0007
bound-constrain,0.0002,0.0001,0.0002,0.0002
box,0.0002,0.0003,0.0002,0.0002
bpbo,0.0006,0.0001,0.0002,0.0002
bpnn,0.0001,0.0003,0.0002,0.0002
br-net,0.0001,0.0004,0.0002,0.0002
branch,0.0001,0.0003,0.0002,0.0004
breakthrough,0.0001,0.0003,0.0002,0.0002
breast,0.0001,0.0001,0.0009,0.0002
brelu,0.0001,0.0003,0.0002,0.0002
brhamo,0.0001,0.0001,0.0009,0.0002
brief,0.0001,0.0003,0.0002,0.0002
bring,0.0001,0.0001,0.0002,0.0004
broad,0.0002,0.0001,0.0007,0.0004
broad-level,0.0002,0.0001,0.0002,0.0002
brown,0.0003,0.0001,0.0002,0.0002
broyd,0.0001,0.0001,0.0003,0.0002
bsd500,0.0002,0.0001,0.0002,0.0002
bss,0.0001,0.0008,0.0002,0.0002
budget,0.0001,0.0003,0.0002,0.0002
build,0.0001,0.0012,0.0002,0.0002
built,0.0002,0.0003,0.0002,0.0002
built-in,0.0001,0.0001,0.0003,0.0002
bus,0.0004,0.0001,0.0002,0.0002
businesspeopl,0.0001,0.0001,0.0002,0.0004
busy,0.0004,0.0001,0.0002,0.0005
b√©zier,0.0002,0.0001,0.0002,0.0002
c-means,0.0001,0.0008,0.0002,0.0002
c-taea,0.0002,0.0001,0.0002,0.0002
cal,0.0004,0.0003,0.0003,0.0011
calc,0.0003,0.0001,0.0002,0.0004
candid,0.0008,0.0001,0.0002,0.0002
cannot,0.0002,0.0001,0.0002,0.0005
cant,0.0001,0.0001,0.001,0.0011
cantilev,0.0002,0.0001,0.0002,0.0002
cap,0.0016,0.0011,0.001,0.0005
capac,0.0005,0.0003,0.0009,0.0002
capacit,0.0005,0.0001,0.0002,0.0004
capit,0.0001,0.0001,0.0002,0.0004
capsnet,0.0001,0.0003,0.0002,0.0002
capt,0.0001,0.0011,0.0003,0.0013
car,0.0003,0.0003,0.0002,0.0004
cargo,0.0001,0.0001,0.0003,0.0002
carry,0.0003,0.0003,0.0003,0.0007
cart,0.0007,0.0001,0.0002,0.0002
cartes,0.0001,0.0005,0.0002,0.0002
cas,0.0006,0.0011,0.0003,0.0011
cat,0.0004,0.0001,0.0002,0.0002
categ,0.0002,0.0005,0.0007,0.0002
cattl,0.0001,0.0004,0.0002,0.0002
cauchy,0.0002,0.0001,0.0003,0.0002
cauchy-gaussian,0.0001,0.0003,0.0002,0.0002
caus,0.0002,0.0008,0.0002,0.0002
ccc,0.0001,0.0001,0.0002,0.0004
cd,0.0002,0.0001,0.0002,0.0002
cds,0.0001,0.0001,0.0005,0.0002
cec,0.0006,0.0001,0.0002,0.0002
cec-2014,0.0002,0.0001,0.0002,0.0002
cec-bc-2017,0.0001,0.0001,0.0003,0.0002
cec2005,0.0003,0.0001,0.0002,0.0002
cec2008lsgo,0.0002,0.0001,0.0002,0.0002
cec2014,0.0002,0.0001,0.0002,0.0002
cec2017,0.0006,0.0001,0.0002,0.0002
cec2019,0.0005,0.0001,0.0002,0.0002
cec2020,0.0003,0.0001,0.0002,0.0002
cec2021,0.0002,0.0001,0.0002,0.0002
cec2022,0.0002,0.0001,0.0002,0.0002
ceemd,0.0001,0.0004,0.0002,0.0002
cel,0.0001,0.0001,0.0002,0.0005
cem,0.0002,0.0001,0.0002,0.0002
cent,0.0002,0.0001,0.0005,0.0009
center-biased,0.0003,0.0001,0.0002,0.0002
centroid-bas,0.0002,0.0001,0.0002,0.0002
century,0.0001,0.0004,0.0002,0.0002
cep,0.0001,0.0001,0.0002,0.0004
cepg,0.0001,0.0001,0.0002,0.0004
cert,0.0001,0.0003,0.0002,0.0002
certain,0.0002,0.0007,0.0003,0.0002
cflpsdo,0.0003,0.0001,0.0002,0.0002
chain,0.0003,0.0005,0.0002,0.0002
challeng,0.0035,0.0021,0.0021,0.0022
chang,0.001,0.0009,0.0002,0.0002
channel,0.0002,0.0001,0.0002,0.0002
chaos-embedded,0.0002,0.0001,0.0002,0.0002
chaot,0.0007,0.0001,0.0002,0.0002
charact,0.0004,0.0004,0.0005,0.0007
charg,0.0002,0.0003,0.0002,0.0002
check,0.0001,0.0003,0.0002,0.0005
cheetah,0.0005,0.0001,0.0002,0.0002
chemotherapy,0.0001,0.0001,0.0002,0.0004
chimp,0.0002,0.0001,0.0002,0.0002
chin,0.0001,0.0003,0.0002,0.0002
cho,0.0001,0.0003,0.0003,0.0002
choa-b,0.0002,0.0001,0.0002,0.0002
choos,0.0001,0.0003,0.0002,0.0002
chos,0.0003,0.0001,0.0003,0.0002
chromosome,0.0001,0.0001,0.0002,0.0004
chronic,0.0001,0.0003,0.0009,0.0002
chunk,0.0001,0.0004,0.0002,0.0002
cifar-10,0.0001,0.0003,0.0002,0.0002
cifar-100,0.0001,0.0003,0.0002,0.0002
cifar10,0.0001,0.0003,0.0002,0.0002
cifar100,0.0001,0.0003,0.0002,0.0002
cio,0.0006,0.0001,0.0002,0.0002
circle-inspired,0.0003,0.0001,0.0002,0.0002
circuit,0.0003,0.0001,0.0007,0.0002
circul,0.0002,0.0001,0.0002,0.0002
cit,0.0001,0.0001,0.0002,0.0007
city,0.0003,0.0007,0.0002,0.0005
civil,0.0001,0.0001,0.0002,0.0004
class,0.0005,0.0055,0.0045,0.0016
cle,0.0001,0.0004,0.0002,0.0002
clear,0.0003,0.0001,0.0002,0.0002
clin,0.0001,0.0001,0.0003,0.0002
cliqu,0.0002,0.0001,0.0002,0.0002
clos,0.0001,0.0003,0.0002,0.0004
closed-form,0.0001,0.0003,0.0002,0.0002
cloud,0.0001,0.0001,0.0002,0.0011
club,0.0002,0.0001,0.0002,0.0002
clust,0.0006,0.0025,0.0028,0.0013
cluster-based,0.0002,0.0001,0.0002,0.0002
cluster-level,0.0001,0.0001,0.0002,0.0005
clustering-based,0.0002,0.0001,0.0002,0.0002
cma,0.0003,0.0001,0.0002,0.0002
cmpmo-ga,0.0002,0.0001,0.0002,0.0002
cmpmo-hho,0.0002,0.0001,0.0002,0.0002
cmpmo-sgo,0.0004,0.0001,0.0002,0.0002
cmpmo/des,0.0005,0.0001,0.0002,0.0002
cnn,0.0001,0.0009,0.0002,0.0002
cnns,0.0001,0.0007,0.0002,0.0002
co-copula,0.0001,0.0001,0.0002,0.0004
co-evolving,0.0001,0.0001,0.0003,0.0002
co_2,0.0001,0.0003,0.0002,0.0002
coa,0.0002,0.0001,0.0002,0.0002
cod,0.0004,0.0003,0.0002,0.0009
coefficy,0.0002,0.0003,0.0005,0.0002
coh,0.0001,0.0003,0.0003,0.0002
coher,0.0002,0.0001,0.0002,0.0002
col,0.0001,0.0004,0.0003,0.0002
coll,0.0001,0.0003,0.0002,0.0002
collab,0.0004,0.0003,0.0002,0.0004
collaborative-integrated-optimization,0.0001,0.0001,0.0002,0.0004
collect,0.0001,0.0009,0.0002,0.0002
colleg,0.0002,0.0001,0.0002,0.0002
collud,0.0002,0.0001,0.0002,0.0002
colony,0.0009,0.0001,0.0003,0.0002
com/algorithms,0.0002,0.0001,0.0002,0.0002
com/daniel-z-h-dnn/swbka,0.0001,0.0003,0.0002,0.0002
com/datasets/jawadali1045/20k-multi-class-crop-disease-images,0.0001,0.0001,0.0003,0.0002
com/spmohanty/plantvillage-dataset/tree/master/raw/color,0.0001,0.0001,0.0003,0.0002
com/vlatorre847/hgs-softcluvrp,0.0001,0.0001,0.0002,0.0004
com/xiaoweiwang-ai/dlo,0.0002,0.0001,0.0002,0.0002
combin,0.0015,0.0013,0.0007,0.0011
common,0.0005,0.0004,0.0002,0.0004
commun,0.0004,0.0004,0.0003,0.0005
commut,0.0002,0.0001,0.0002,0.0002
comp,0.0041,0.0023,0.0022,0.0018
compact,0.0001,0.0003,0.0005,0.0002
company,0.0001,0.0003,0.0002,0.0002
comparison,0.0005,0.0004,0.0003,0.0005
compat,0.0001,0.0001,0.0002,0.0004
compel,0.0001,0.0003,0.0002,0.0002
compens,0.0002,0.0001,0.0002,0.0002
compet,0.0003,0.0001,0.0003,0.0004
competit,0.0009,0.0003,0.0005,0.0005
compl,0.0002,0.0001,0.0003,0.0002
complet,0.0001,0.0008,0.0003,0.0005
complex,0.0038,0.0015,0.0024,0.0018
comply,0.0001,0.0003,0.0002,0.0004
compon,0.0005,0.0004,0.0007,0.0002
compos,0.0002,0.0001,0.0002,0.0002
composit,0.0005,0.0001,0.0002,0.0002
compound,0.0002,0.0001,0.0002,0.0002
compr,0.0002,0.0003,0.0005,0.0002
comprehend,0.0007,0.0005,0.0003,0.0023
compress,0.0003,0.0001,0.0003,0.0002
comprom,0.0002,0.0001,0.0002,0.0002
comput,0.0015,0.002,0.0029,0.0009
conceiv,0.0002,0.0001,0.0002,0.0007
concern,0.0002,0.0003,0.0003,0.0004
conclud,0.0001,0.0004,0.0002,0.0005
condit,0.0005,0.0005,0.0005,0.0002
conduc,0.0014,0.0004,0.0007,0.0002
conduit,0.0001,0.0001,0.0002,0.0004
config,0.0005,0.0003,0.0005,0.0004
confirm,0.0007,0.0003,0.0005,0.0002
conflict,0.0002,0.0001,0.0002,0.0002
conflu,0.0001,0.0001,0.0002,0.0004
conjunct,0.0001,0.0003,0.0002,0.0004
connect,0.0004,0.0003,0.0003,0.0004
consecut,0.0001,0.0001,0.0002,0.0004
consequ,0.0001,0.0001,0.0005,0.0002
conserv,0.0001,0.0003,0.0002,0.0002
consid,0.0015,0.0016,0.0005,0.0005
consist,0.0008,0.0007,0.0009,0.0004
const,0.0005,0.0001,0.0002,0.0002
constitut,0.0001,0.0003,0.0002,0.0002
constrain,0.0005,0.0003,0.0002,0.0002
constraint,0.0016,0.0003,0.0003,0.0009
construct,0.0005,0.0015,0.0005,0.0027
consum,0.0005,0.0003,0.0002,0.0004
cont,0.0003,0.0003,0.0003,0.0002
contain,0.0003,0.0004,0.0002,0.0002
contemp,0.0002,0.0003,0.0002,0.0004
context,0.0002,0.0004,0.0002,0.0004
contin,0.0001,0.0001,0.0002,0.0004
continu,0.0004,0.0004,0.0003,0.0002
conto,0.0001,0.0003,0.0002,0.0002
contrast,0.0003,0.0001,0.001,0.0004
contribut,0.0005,0.0003,0.0007,0.0007
control,0.0011,0.0003,0.0002,0.0007
conv,0.001,0.0004,0.0003,0.0007
conveny,0.0002,0.0001,0.0002,0.0002
converg,0.0032,0.0007,0.0014,0.0004
convolv,0.0001,0.0024,0.0002,0.0002
cool,0.0001,0.0001,0.0002,0.0011
coop,0.0005,0.0001,0.0007,0.0002
coordin,0.0003,0.0007,0.0002,0.0002
cop,0.0001,0.0001,0.0002,0.0004
copd,0.0001,0.0001,0.0005,0.0002
copul,0.0001,0.0001,0.0002,0.0007
cor,0.0003,0.0001,0.0002,0.0002
corl,0.0002,0.0001,0.0002,0.0002
cornerston,0.0002,0.0001,0.0002,0.0002
corp,0.0001,0.0001,0.0003,0.0002
corpor,0.0001,0.0001,0.0003,0.0002
correl,0.0001,0.0004,0.0002,0.0002
correspond,0.0001,0.0003,0.0002,0.0002
cosin,0.0002,0.0003,0.0002,0.0002
cost,0.0027,0.0004,0.0002,0.0011
cost-effective,0.0003,0.0001,0.0002,0.0002
cost-effectiveness,0.0002,0.0001,0.0002,0.0002
cost-sensitive,0.0001,0.0003,0.0002,0.0002
could,0.0004,0.0001,0.0002,0.0004
count,0.0003,0.0001,0.0002,0.0004
counterpart,0.0002,0.0003,0.0002,0.0002
country,0.0001,0.0003,0.0002,0.0002
coupl,0.0001,0.0001,0.0002,0.0004
cov,0.0017,0.0005,0.0002,0.0002
cow,0.0001,0.0003,0.0002,0.0002
coyot,0.0002,0.0001,0.0002,0.0002
cp,0.0001,0.0001,0.0002,0.0004
cplex,0.0002,0.0001,0.0002,0.0002
cpo,0.0002,0.0001,0.0002,0.0002
cpu,0.0002,0.0001,0.0002,0.0002
cran,0.0004,0.0001,0.0002,0.0002
cre,0.0003,0.0007,0.0003,0.0005
crit,0.0006,0.0008,0.0014,0.0004
criter,0.0003,0.0001,0.0002,0.0004
crop,0.0001,0.0001,0.0021,0.0002
cross-docking,0.0001,0.0001,0.0007,0.0002
cross-entropy,0.0001,0.0003,0.0002,0.0002
cross-project,0.0001,0.0007,0.0002,0.0002
cross-sectoral,0.0001,0.0001,0.0002,0.0004
cross-validated,0.0001,0.0003,0.0002,0.0002
cross-validation,0.0002,0.0001,0.0003,0.0002
crossov,0.0007,0.0001,0.0002,0.0002
crossover-mutation,0.0003,0.0001,0.0002,0.0002
crs,0.0001,0.0001,0.0002,0.0005
cruc,0.0005,0.0011,0.0005,0.0004
crunch,0.0004,0.0001,0.0002,0.0002
cso,0.0002,0.0001,0.0002,0.0002
csode,0.0002,0.0001,0.0002,0.0002
ct,0.0001,0.0001,0.0003,0.0002
cuckoo,0.0002,0.0001,0.0002,0.0002
cult,0.0001,0.0001,0.0012,0.0002
cur,0.0007,0.0009,0.0003,0.0011
curv,0.0001,0.0007,0.0002,0.0002
custom,0.0012,0.0003,0.0005,0.0016
cutting-edge,0.0003,0.0005,0.0002,0.0002
cvrp,0.0003,0.0001,0.0002,0.0002
cyc,0.0002,0.0001,0.0002,0.0005
dai,0.0002,0.0001,0.0003,0.0004
dalex,0.0001,0.0003,0.0002,0.0002
dam,0.0001,0.0001,0.0005,0.0004
darl,0.0001,0.0003,0.0002,0.0002
dat,0.001,0.0048,0.0033,0.0027
data-driven,0.0001,0.0008,0.0002,0.0002
data-oriented,0.0001,0.0005,0.0002,0.0002
databas,0.0001,0.0003,0.0005,0.0002
dataset,0.0005,0.0039,0.0035,0.0016
datastream,0.0001,0.0001,0.0002,0.0023
day,0.0001,0.0001,0.0003,0.0005
dcnetui,0.0001,0.0005,0.0002,0.0002
dcnn,0.0001,0.0003,0.0002,0.0002
de,0.0001,0.0001,0.0003,0.0002
de-noising,0.0001,0.0001,0.0002,0.0004
dead,0.0001,0.0001,0.0003,0.0004
deal,0.0003,0.0001,0.0003,0.0005
deb,0.0001,0.0001,0.0002,0.0004
dec,0.0001,0.0003,0.0002,0.0002
decarbon,0.0001,0.0001,0.0002,0.0005
decid,0.0005,0.0008,0.0024,0.0023
decim,0.0001,0.0001,0.0002,0.0004
decision-making,0.0004,0.0004,0.0003,0.0018
declin,0.0002,0.0001,0.0002,0.0002
decompos,0.0002,0.0003,0.0002,0.0004
decomposit,0.0001,0.0003,0.0002,0.0002
decoupl,0.0001,0.0001,0.0003,0.0002
decreas,0.0004,0.0001,0.0003,0.0002
ded,0.0002,0.0001,0.0003,0.0002
dee,0.0005,0.0001,0.0002,0.0002
deep,0.0005,0.0037,0.0007,0.0011
deep-learning,0.0001,0.0004,0.0002,0.0002
deepglob,0.0001,0.0003,0.0002,0.0002
deeples,0.0001,0.0001,0.0003,0.0002
def,0.0002,0.0001,0.0002,0.0002
defens,0.0002,0.0001,0.0002,0.0002
defin,0.0003,0.0007,0.0003,0.0002
defined/model,0.0002,0.0001,0.0002,0.0002
degr,0.0001,0.0003,0.0002,0.0009
degrad,0.0001,0.0001,0.0003,0.0002
del,0.0005,0.0003,0.0005,0.0014
delay,0.0001,0.0004,0.0002,0.0002
delib,0.0001,0.0003,0.0002,0.0002
delivery,0.0006,0.0003,0.0002,0.0013
delv,0.0001,0.0001,0.0002,0.0005
demand,0.0006,0.0011,0.0002,0.0005
dement,0.0001,0.0003,0.0002,0.0002
demonst,0.0035,0.0013,0.0017,0.0023
dendrit,0.0001,0.0001,0.0005,0.0002
depend,0.0002,0.0005,0.0003,0.0007
depict,0.0002,0.0001,0.0002,0.0002
deploy,0.0005,0.0001,0.0002,0.0004
der,0.0005,0.0003,0.0002,0.0002
dereg,0.0001,0.0001,0.0002,0.0004
desc,0.0001,0.0003,0.0007,0.0002
describ,0.0001,0.0005,0.0002,0.0002
design,0.0017,0.0011,0.0005,0.0007
despit,0.0005,0.0005,0.0002,0.0005
detail,0.0002,0.0001,0.0002,0.0005
detect,0.0002,0.0035,0.0022,0.0004
determin,0.0004,0.0003,0.0003,0.0004
dev,0.0003,0.0004,0.0003,0.0002
develop,0.0012,0.0012,0.0009,0.0016
devy,0.001,0.0003,0.0002,0.0002
dg,0.0005,0.0001,0.0002,0.0002
diagnos,0.0002,0.0019,0.0005,0.0002
diagnost,0.0001,0.0003,0.0005,0.0004
diagram,0.0002,0.0001,0.0002,0.0002
diamet,0.0002,0.0001,0.0002,0.0002
dic,0.0001,0.0003,0.0002,0.0002
dickey-fuller,0.0001,0.0003,0.0002,0.0002
diet,0.0001,0.0001,0.0007,0.0002
diff,0.0025,0.002,0.0016,0.0014
differenty,0.0001,0.0001,0.0003,0.0002
difficul,0.0003,0.0001,0.0003,0.0004
difficult,0.0005,0.0007,0.0003,0.0005
digit,0.0001,0.0001,0.0002,0.0004
dil,0.0001,0.0004,0.0002,0.0002
dimac,0.0002,0.0001,0.0002,0.0002
dimend,0.0006,0.0001,0.0007,0.0002
dimin,0.0002,0.0003,0.0002,0.0002
direct,0.001,0.0007,0.0003,0.0007
directrank,0.0001,0.0001,0.0005,0.0002
dis,0.0001,0.0001,0.0002,0.0004
discharg,0.0001,0.0003,0.0002,0.0002
disciplin,0.0002,0.0001,0.0002,0.0004
discov,0.0001,0.0003,0.0002,0.0002
discovery,0.0002,0.0003,0.0005,0.0002
discret,0.0003,0.0001,0.0002,0.0002
discrimin,0.0001,0.0004,0.0002,0.0002
discuss,0.0002,0.0003,0.0002,0.0007
diseas,0.0001,0.0027,0.0031,0.0002
disjunct,0.0001,0.0004,0.0002,0.0004
disord,0.0001,0.0003,0.0002,0.0002
dispatch,0.0006,0.0003,0.0002,0.0002
dispers,0.0001,0.0003,0.0002,0.0002
dissolv,0.0001,0.0001,0.0003,0.0002
dist,0.0007,0.0003,0.0007,0.0009
distance-based,0.0002,0.0001,0.0002,0.0004
distinct,0.0006,0.0004,0.0007,0.0007
distort,0.0001,0.0003,0.0002,0.0002
distribut,0.0013,0.0007,0.0005,0.0013
district,0.0001,0.0001,0.0002,0.0009
disturb,0.0002,0.0003,0.0002,0.0002
divers,0.0036,0.0005,0.0009,0.0004
divid,0.0004,0.0003,0.0002,0.0002
divulg,0.0001,0.0003,0.0002,0.0002
dl,0.0001,0.0007,0.0002,0.0002
dlo,0.0007,0.0001,0.0002,0.0002
dmoea,0.0002,0.0001,0.0002,0.0002
dmop,0.0003,0.0001,0.0002,0.0002
dnm,0.0001,0.0001,0.0012,0.0002
dock,0.0001,0.0003,0.0002,0.0002
docu,0.0001,0.0012,0.0002,0.0002
domain,0.0003,0.0007,0.0002,0.0007
domain-sensitive,0.0001,0.0001,0.0002,0.0004
domain-specific,0.0001,0.0001,0.0002,0.0005
domin,0.0001,0.0003,0.0002,0.0002
don,0.0002,0.0003,0.0003,0.0002
doubl,0.0001,0.0001,0.0002,0.0004
draco,0.0004,0.0001,0.0002,0.0002
draw,0.0001,0.0003,0.0002,0.0002
drawback,0.0004,0.0001,0.0002,0.0002
drift,0.0001,0.0001,0.0005,0.0002
driv,0.0005,0.0001,0.0003,0.0004
drl,0.0001,0.0005,0.0002,0.0002
dron,0.0005,0.0001,0.0002,0.0002
drp,0.0006,0.0001,0.0002,0.0002
drug,0.0001,0.0001,0.0002,0.0013
dskn,0.0001,0.0001,0.001,0.0002
dsn,0.0002,0.0001,0.0002,0.0002
dsr-cnn,0.0001,0.0005,0.0002,0.0002
dt,0.0001,0.0001,0.0003,0.0002
dtbo,0.0003,0.0001,0.0002,0.0002
dual,0.0005,0.0001,0.0002,0.0007
dual-agent,0.0002,0.0001,0.0002,0.0002
due,0.0008,0.0015,0.001,0.0007
dun,0.0002,0.0001,0.0002,0.0002
dung,0.0003,0.0001,0.0002,0.0002
dynam,0.0028,0.002,0.0002,0.0004
e,0.0004,0.0001,0.0002,0.0002
e.g.,0.0001,0.0004,0.0002,0.0002
ea,0.0005,0.0001,0.0003,0.0002
ear,0.0004,0.0005,0.0005,0.0002
east,0.0001,0.0001,0.0003,0.0002
eastern,0.0001,0.0001,0.0003,0.0002
easy,0.0002,0.0003,0.0002,0.0002
eat,0.0001,0.0003,0.0002,0.0002
echo-location,0.0001,0.0001,0.0002,0.0004
ecolog,0.0002,0.0001,0.0002,0.0002
econom,0.0007,0.0007,0.0003,0.0007
economic/emission,0.0003,0.0001,0.0002,0.0002
ecosystem,0.0001,0.0001,0.0003,0.0004
edg,0.0001,0.0005,0.0002,0.0002
eemr,0.0002,0.0001,0.0002,0.0002
ef-prsom,0.0005,0.0001,0.0002,0.0002
eff,0.0004,0.0003,0.001,0.0005
effect,0.005,0.0031,0.0022,0.0018
efficientnet-b7,0.0001,0.0003,0.0002,0.0002
efficy,0.0042,0.0032,0.0021,0.0018
effort,0.0001,0.0004,0.0002,0.0002
ehmooo,0.0003,0.0001,0.0002,0.0002
eho,0.0004,0.0001,0.0002,0.0002
eight,0.0005,0.0001,0.0005,0.0002
eith,0.0003,0.0004,0.0002,0.0002
el,0.0001,0.0004,0.0002,0.0004
elast,0.0001,0.0003,0.0002,0.0002
eldr,0.0001,0.0001,0.0014,0.0002
eldr-assisted,0.0001,0.0001,0.0003,0.0002
elect,0.0007,0.0005,0.0002,0.0004
electron,0.0001,0.0003,0.0002,0.0002
elen,0.0005,0.0001,0.0002,0.0002
eleph,0.0004,0.0001,0.0002,0.0002
elev,0.0003,0.0001,0.0002,0.0002
eli5,0.0001,0.0003,0.0002,0.0002
elimin,0.0001,0.0001,0.0002,0.0004
elit,0.0009,0.0003,0.0002,0.0002
els,0.0001,0.0004,0.0002,0.0002
elucid,0.0001,0.0001,0.0002,0.0004
embark,0.0002,0.0001,0.0002,0.0002
embed,0.0001,0.0001,0.0002,0.0004
embody,0.0001,0.0003,0.0002,0.0002
emerg,0.0003,0.0009,0.0003,0.0011
emit,0.0005,0.0003,0.0002,0.0002
emot,0.0001,0.0001,0.001,0.0002
emphas,0.0001,0.0004,0.0002,0.0007
empir,0.0001,0.0005,0.0002,0.0002
employ,0.0016,0.0009,0.0012,0.0009
empow,0.0002,0.0001,0.0002,0.0002
empty,0.0001,0.0001,0.0002,0.0004
en,0.0005,0.0003,0.0007,0.0002
enco,0.0002,0.0001,0.0002,0.0002
encod,0.0002,0.0001,0.0002,0.0002
encoder-decod,0.0001,0.0003,0.0002,0.0002
encompass,0.0003,0.0001,0.0002,0.0005
encount,0.0003,0.0001,0.0003,0.0005
encrypt,0.0003,0.0001,0.0002,0.0002
end,0.0001,0.0004,0.0002,0.0002
end-to-end,0.0001,0.0003,0.0002,0.0002
endeav,0.0001,0.0001,0.0003,0.0002
energy,0.0016,0.0005,0.0002,0.002
eng,0.0001,0.0001,0.0002,0.0004
engin,0.0016,0.0001,0.0002,0.0009
enh,0.0049,0.0024,0.0031,0.0016
enorm,0.0002,0.0001,0.0002,0.0002
enrich,0.0002,0.0001,0.0002,0.0002
ens,0.0015,0.0011,0.0003,0.0004
ensembl,0.0001,0.0009,0.0009,0.0002
ent,0.0001,0.0001,0.0002,0.002
entrop,0.0003,0.0003,0.0002,0.0004
entry,0.0002,0.0001,0.0002,0.0002
environ,0.0013,0.0021,0.0005,0.002
environments-oriented,0.0001,0.0003,0.0002,0.0002
epigenet,0.0005,0.0001,0.0002,0.0002
epoch,0.0001,0.0004,0.0002,0.0002
epsilon,0.0002,0.0001,0.0002,0.0002
eq,0.0001,0.0001,0.0002,0.0004
equ,0.0001,0.0012,0.0005,0.0004
equal-sized,0.0001,0.0003,0.0002,0.0002
equilibr,0.0002,0.0001,0.0002,0.0004
equip,0.0001,0.0005,0.0002,0.0002
er,0.0005,0.0012,0.0014,0.0002
erad,0.0001,0.0001,0.0002,0.0004
es,0.0003,0.0001,0.0002,0.0002
esao,0.0001,0.0001,0.0003,0.0002
esc,0.0001,0.0001,0.0003,0.0004
escap,0.0004,0.0001,0.0002,0.0002
espec,0.0003,0.0001,0.0003,0.0004
ess,0.0002,0.0005,0.001,0.0005
est,0.0006,0.0007,0.0002,0.0002
estim,0.0002,0.0003,0.0009,0.0009
et,0.0001,0.0001,0.0003,0.0002
etc,0.0001,0.0003,0.0002,0.0007
eth,0.0001,0.0005,0.0002,0.0002
europ,0.0001,0.0003,0.0002,0.0002
euros,0.0001,0.0003,0.0002,0.0002
ev,0.0001,0.0005,0.0003,0.0002
evalu,0.003,0.0008,0.0012,0.0018
ever-changing,0.0001,0.0003,0.0002,0.0002
every,0.0002,0.0001,0.0002,0.0004
evid,0.0002,0.0003,0.0002,0.0002
evolv,0.0027,0.0013,0.0028,0.0014
ex,0.0017,0.0015,0.0003,0.0018
exacerb,0.0001,0.0001,0.0003,0.0002
exact,0.0003,0.0007,0.0002,0.0002
examin,0.0002,0.0005,0.0005,0.0009
exampl,0.0001,0.0001,0.0002,0.0009
exas,0.0001,0.0001,0.0005,0.0002
exceiv,0.0002,0.0004,0.0002,0.0002
excel,0.0004,0.0003,0.0002,0.0002
excess,0.0001,0.0005,0.0002,0.0002
exchang,0.0001,0.0001,0.0002,0.0009
excit,0.0001,0.0001,0.0002,0.0004
exclud,0.0002,0.0003,0.0002,0.0002
execut,0.0002,0.0004,0.0003,0.0002
exempl,0.0002,0.0001,0.0002,0.0004
exert,0.0002,0.0001,0.0002,0.0002
exhaust,0.0002,0.0001,0.0002,0.0002
exhibit,0.0005,0.0005,0.0005,0.0004
exit,0.0001,0.0001,0.0002,0.0004
exp,0.0003,0.0001,0.0002,0.0002
expand,0.0004,0.0005,0.0002,0.0002
expect,0.0003,0.0003,0.0002,0.0002
expend,0.0001,0.0001,0.0003,0.0002
expert,0.0001,0.0001,0.0003,0.0002
expery,0.0021,0.0016,0.0019,0.0007
expl,0.0043,0.0016,0.0014,0.0005
explain,0.0001,0.0016,0.0002,0.0004
explicit,0.0002,0.0003,0.0002,0.0002
exploit,0.0029,0.0003,0.0005,0.0002
expon,0.0001,0.0003,0.0003,0.0005
express,0.0001,0.0003,0.0002,0.0009
ext,0.0001,0.0001,0.0005,0.0004
extend,0.0009,0.0005,0.0007,0.0013
extr,0.0001,0.0001,0.0002,0.0004
extract,0.0002,0.0019,0.0009,0.0014
extrem,0.0001,0.0003,0.0007,0.0002
f-measure,0.0001,0.0001,0.0003,0.0002
f1,0.0001,0.0005,0.0003,0.0005
f1-score,0.0001,0.0003,0.0005,0.0002
f_,0.0002,0.0001,0.0002,0.0002
f_1,0.0003,0.0001,0.0002,0.0002
f_2,0.0003,0.0001,0.0002,0.0002
f_3,0.0003,0.0001,0.0002,0.0002
f_4,0.0002,0.0001,0.0002,0.0002
f_5,0.0003,0.0001,0.0002,0.0002
f_6,0.0002,0.0001,0.0002,0.0002
f_7,0.0003,0.0001,0.0002,0.0002
f_8,0.0003,0.0001,0.0002,0.0002
f_9,0.0003,0.0001,0.0002,0.0002
fa,0.0002,0.0001,0.0007,0.0002
fac,0.0007,0.0001,0.0003,0.0009
facil,0.001,0.0001,0.0002,0.0002
facilit,0.0004,0.0003,0.0002,0.0004
fact,0.0011,0.0008,0.0014,0.0004
factor-based,0.0003,0.0001,0.0002,0.0002
fail,0.0003,0.0003,0.0002,0.0004
fair,0.0002,0.0001,0.0002,0.0002
fal,0.0003,0.0001,0.0005,0.0002
fals,0.0001,0.0001,0.0003,0.0002
fam,0.0001,0.0003,0.0002,0.0007
famy,0.0001,0.0003,0.0002,0.0004
farm,0.0001,0.0009,0.0007,0.0002
fash,0.0001,0.0001,0.0002,0.0004
fashion-mnist,0.0001,0.0003,0.0002,0.0002
fast,0.0005,0.0003,0.0009,0.0002
fastest,0.0002,0.0001,0.0002,0.0002
fault,0.0001,0.0011,0.0009,0.0002
feas,0.0005,0.0001,0.0005,0.0002
feat,0.0004,0.0037,0.0041,0.0013
fee,0.0001,0.0003,0.0002,0.0002
feed-forward,0.0001,0.0001,0.0005,0.0002
feldr,0.0001,0.0001,0.0009,0.0002
feldr-assisted,0.0001,0.0001,0.0003,0.0002
few,0.0001,0.0003,0.0002,0.0002
fick,0.0001,0.0003,0.0002,0.0002
field,0.0008,0.0004,0.0003,0.0007
fil,0.0001,0.0001,0.0003,0.0002
filt,0.0002,0.0017,0.0003,0.0004
fim,0.0001,0.0001,0.0002,0.0005
fin,0.0011,0.0009,0.0003,0.0004
find,0.0019,0.0009,0.0016,0.0005
fine-tun,0.0002,0.0001,0.0003,0.0002
fine-tuned,0.0001,0.0003,0.0003,0.0002
firef,0.0002,0.0001,0.001,0.0002
firefly-coyote,0.0002,0.0001,0.0002,0.0002
firework,0.0001,0.0001,0.0003,0.0002
first,0.0011,0.0007,0.0002,0.0005
fish,0.0002,0.0001,0.0002,0.0002
fit,0.0005,0.0004,0.0007,0.0004
fitness-driven,0.0001,0.0003,0.0002,0.0002
fiv,0.0006,0.0004,0.0002,0.0004
fix,0.0005,0.0001,0.0002,0.0002
fkm,0.0001,0.0001,0.0002,0.0011
flaw,0.0003,0.0001,0.0002,0.0002
fletch,0.0001,0.0001,0.0003,0.0002
flex,0.0002,0.0001,0.0002,0.0011
flight,0.0004,0.0001,0.0002,0.0004
flo,0.0001,0.0003,0.0002,0.0002
flos,0.0001,0.0001,0.0009,0.0002
flow,0.0005,0.0001,0.0003,0.0002
flowerwork-based,0.0001,0.0001,0.0003,0.0002
fluctu,0.0001,0.0003,0.0002,0.0002
fluid,0.0001,0.0003,0.0002,0.0002
fmspi,0.0003,0.0001,0.0002,0.0002
fnn,0.0001,0.0001,0.0003,0.0002
foc,0.0004,0.0004,0.0003,0.0002
focus,0.0006,0.0011,0.0007,0.0005
fold,0.0001,0.0003,0.0002,0.0002
follow,0.0004,0.0004,0.0003,0.0002
food,0.0013,0.0003,0.0002,0.0002
fopid,0.0006,0.0001,0.0002,0.0002
for,0.0002,0.0003,0.0003,0.0002
forc,0.0003,0.0001,0.0002,0.0002
forecast,0.0001,0.0016,0.0016,0.0002
forest,0.0001,0.0005,0.001,0.0002
form,0.0005,0.0005,0.0005,0.0011
formid,0.0003,0.0001,0.0002,0.0002
formula,0.0001,0.0001,0.0002,0.0004
fortun,0.0001,0.0003,0.0002,0.0002
forward,0.0002,0.0003,0.0002,0.0002
fost,0.0002,0.0001,0.0002,0.0004
found,0.0003,0.0005,0.0002,0.0004
four,0.0002,0.0003,0.0005,0.0005
fpr,0.0001,0.0001,0.0005,0.0002
fract,0.0005,0.0001,0.0003,0.0002
frag,0.0001,0.0001,0.0002,0.0004
framework,0.0022,0.0019,0.0019,0.0016
frequ,0.0022,0.0003,0.0002,0.0004
friedm,0.0004,0.0003,0.0003,0.0002
frog,0.0003,0.0001,0.0002,0.0002
front,0.0002,0.0001,0.0002,0.0004
fs,0.0001,0.0001,0.0003,0.0002
fsim,0.0003,0.0001,0.0002,0.0002
fuel,0.0005,0.0001,0.0002,0.0002
fulfil,0.0001,0.0001,0.0002,0.0004
funct,0.0033,0.0015,0.0022,0.0011
funda,0.0001,0.0004,0.0002,0.0005
furtherm,0.0005,0.0007,0.0005,0.0005
fus,0.0001,0.0015,0.0002,0.0002
fut,0.0003,0.0009,0.0003,0.0009
fuzzy,0.0002,0.0013,0.0002,0.0056
fuzzy-based,0.0002,0.0001,0.0002,0.0002
fuzzy-entrop,0.0001,0.0003,0.0002,0.0002
fuzzy-pid,0.0002,0.0001,0.0002,0.0002
ga,0.001,0.0001,0.0009,0.0002
ga-driven,0.0001,0.0001,0.0003,0.0002
gab,0.0001,0.0001,0.0002,0.0004
gain,0.0002,0.0003,0.0003,0.0002
gam,0.0004,0.0003,0.0002,0.0004
game-theoretic,0.0003,0.0001,0.0002,0.0002
games-howell,0.0002,0.0001,0.0002,0.0002
gamm,0.0002,0.0001,0.0002,0.0002
gan,0.0001,0.0004,0.0002,0.0002
gap,0.0001,0.0007,0.0005,0.0007
gas,0.0002,0.0001,0.0003,0.0002
gast,0.0001,0.0013,0.0002,0.0002
gat,0.0001,0.0007,0.0002,0.0002
gath,0.0001,0.0003,0.0002,0.0002
gauss,0.0004,0.0005,0.0003,0.0002
gazel,0.0001,0.0001,0.0005,0.0002
gca,0.0005,0.0001,0.0002,0.0002
gdlspbo,0.0001,0.0001,0.001,0.0002
gear,0.0003,0.0001,0.0002,0.0002
gees,0.0002,0.0001,0.0002,0.0002
gen,0.0028,0.0015,0.0014,0.0013
genet,0.0016,0.0001,0.0017,0.0009
geomet,0.0001,0.0003,0.0002,0.0011
get,0.0003,0.0001,0.0002,0.0002
giant,0.0001,0.0003,0.0002,0.0002
github,0.0002,0.0003,0.0003,0.0004
giv,0.0004,0.0004,0.0005,0.0005
gjo,0.0004,0.0001,0.0002,0.0002
glid,0.0002,0.0001,0.0002,0.0002
glob,0.0023,0.0008,0.001,0.0005
go,0.0002,0.0001,0.0002,0.0002
goal,0.0004,0.0001,0.0002,0.0002
gold,0.0005,0.0001,0.0005,0.0002
goldfarb,0.0001,0.0001,0.0003,0.0002
good,0.0002,0.0001,0.0002,0.0002
googlenet,0.0001,0.0004,0.0002,0.0002
goos,0.0004,0.0001,0.0002,0.0002
govern,0.0004,0.0004,0.0003,0.0004
gp,0.0001,0.0001,0.0002,0.0004
gpr,0.0001,0.0003,0.0002,0.0002
grad,0.0001,0.0001,0.0002,0.0005
grady,0.0001,0.0004,0.0009,0.0002
graph,0.0003,0.0013,0.0002,0.0002
grasshop,0.0002,0.0001,0.0002,0.0002
gre,0.0002,0.0005,0.0005,0.0004
greedy,0.0003,0.0001,0.0002,0.0004
green,0.0001,0.0001,0.0002,0.0018
grey,0.0004,0.0001,0.0002,0.0002
greyl,0.0004,0.0001,0.0002,0.0002
grid,0.0004,0.0001,0.0002,0.0004
grid-bas,0.0002,0.0001,0.0002,0.0002
gro,0.0001,0.0001,0.0007,0.0002
ground,0.0003,0.0003,0.0002,0.0005
group,0.0013,0.0003,0.0003,0.0009
group-specific,0.0002,0.0001,0.0002,0.0002
grow,0.0002,0.0013,0.0002,0.0002
gru,0.0001,0.0003,0.0002,0.0002
gto,0.0001,0.0001,0.0003,0.0002
guar,0.0002,0.0001,0.0002,0.0002
guid,0.0007,0.0003,0.0002,0.0002
guidelin,0.0001,0.0003,0.0002,0.0002
gwo,0.0004,0.0001,0.0002,0.0002
h,0.0003,0.0001,0.0002,0.0002
h-index,0.0001,0.0001,0.0002,0.0004
hamp,0.0001,0.0003,0.0002,0.0002
hand,0.0002,0.0001,0.0002,0.0002
handl,0.0008,0.0005,0.0003,0.0011
handwrit,0.0001,0.0003,0.0002,0.0002
hangzhou,0.0001,0.0003,0.0002,0.0002
har,0.0005,0.0001,0.0003,0.0002
harmon,0.0002,0.0001,0.0002,0.0002
harmony,0.0001,0.0001,0.0002,0.0004
harvest,0.0001,0.0003,0.0002,0.0002
hawk,0.0004,0.0001,0.0003,0.0002
haz,0.0001,0.0003,0.0002,0.0002
haze-relevant,0.0001,0.0003,0.0002,0.0002
hba,0.0001,0.0001,0.0003,0.0002
hbox,0.0005,0.0001,0.0002,0.0002
hcel,0.0002,0.0001,0.0002,0.0002
heal,0.0003,0.0004,0.0005,0.0002
healthc,0.0003,0.0003,0.0003,0.0002
healthy,0.0001,0.0001,0.0002,0.0004
heavy,0.0002,0.0003,0.0005,0.0002
help,0.0004,0.0008,0.0003,0.0011
hent,0.0002,0.0001,0.0002,0.0002
herd,0.0004,0.0003,0.0002,0.0002
herein,0.0001,0.0003,0.0002,0.0002
hesit,0.0001,0.0001,0.0002,0.0018
heur,0.0002,0.0004,0.001,0.0002
heuristic-driven,0.0001,0.0001,0.0002,0.0004
hexagon,0.0003,0.0001,0.0002,0.0002
hexagon-shaped,0.0002,0.0001,0.0002,0.0002
hf-coa,0.0004,0.0001,0.0002,0.0002
hgas,0.0001,0.0001,0.0014,0.0002
hgs,0.0001,0.0001,0.0002,0.0004
hho,0.0004,0.0001,0.0003,0.0002
hid,0.0001,0.0001,0.0007,0.0002
hierarch,0.0001,0.0001,0.0007,0.0002
hierarchy,0.0001,0.0005,0.0002,0.0004
hifu,0.0001,0.0001,0.0003,0.0002
high,0.0016,0.0012,0.0014,0.0007
high-dimensional,0.0004,0.0001,0.0014,0.0002
high-end,0.0001,0.0001,0.0002,0.0004
high-frequency,0.0001,0.0001,0.0002,0.0004
high-intensity,0.0001,0.0001,0.0003,0.0002
high-performing,0.0001,0.0001,0.0003,0.0002
high-precision,0.0001,0.0001,0.0003,0.0002
high-quality,0.0007,0.0001,0.0002,0.0002
high-resolution,0.0001,0.0003,0.0002,0.0002
highest,0.0001,0.0005,0.0005,0.0004
highlight,0.0011,0.0012,0.001,0.0011
hill-climbing,0.0002,0.0001,0.0002,0.0002
hind,0.0002,0.0001,0.0005,0.0002
hist,0.0001,0.0004,0.0002,0.0002
hjspso,0.0002,0.0001,0.0002,0.0002
hoc,0.0001,0.0003,0.0002,0.0002
hoclg,0.0001,0.0001,0.0005,0.0002
hol,0.0001,0.0001,0.0002,0.0004
hold,0.0001,0.0003,0.0003,0.0004
hold-out,0.0001,0.0001,0.0003,0.0002
hom,0.0003,0.0003,0.0002,0.0002
homog,0.0001,0.0003,0.0002,0.0002
homomorph,0.0003,0.0001,0.0002,0.0002
hospit,0.0001,0.0003,0.0002,0.0002
howev,0.0005,0.0011,0.0007,0.0011
hpsi,0.0002,0.0001,0.0002,0.0002
hpso-msfla,0.0003,0.0001,0.0002,0.0002
hrnet,0.0001,0.0003,0.0002,0.0002
hsbo,0.0004,0.0001,0.0002,0.0002
hscso,0.0005,0.0001,0.0002,0.0002
https,0.0003,0.0003,0.0005,0.0004
hug,0.0001,0.0003,0.0002,0.0004
hum,0.0001,0.0004,0.0003,0.0002
human-computer,0.0001,0.0001,0.0003,0.0002
hummingbird,0.0002,0.0001,0.0002,0.0002
hunt,0.0004,0.0001,0.0002,0.0002
hybrid,0.0028,0.0009,0.0033,0.0004
hydra,0.0001,0.0001,0.0002,0.0011
hypercub,0.0001,0.0003,0.0002,0.0002
hyperparamet,0.0001,0.0003,0.001,0.0002
hypervolum,0.0002,0.0001,0.0002,0.0002
hyph,0.0001,0.0003,0.0002,0.0002
hypothes,0.0002,0.0001,0.0002,0.0002
i.e.,0.0001,0.0001,0.0003,0.0004
id,0.0005,0.0005,0.0007,0.0002
ide,0.0001,0.0003,0.0002,0.0002
idempot,0.0001,0.0001,0.0002,0.0005
ident,0.0005,0.0008,0.0009,0.0016
ie,0.0005,0.0001,0.0002,0.0002
ieee-57,0.0002,0.0001,0.0002,0.0002
ieho,0.0004,0.0001,0.0002,0.0002
igwoa_obl_ms,0.0004,0.0001,0.0002,0.0002
ii,0.0008,0.0004,0.0002,0.0005
iig-c-taea,0.0002,0.0001,0.0002,0.0002
illust,0.0003,0.0005,0.0003,0.0005
im,0.001,0.004,0.0016,0.0005
imagenet,0.0001,0.0001,0.0003,0.0002
imagery,0.0001,0.0004,0.0002,0.0002
imb,0.0001,0.0011,0.0002,0.0002
imf,0.0001,0.0008,0.0002,0.0002
immens,0.0002,0.0001,0.0002,0.0002
immers,0.0002,0.0001,0.0002,0.0002
immun,0.0002,0.0001,0.0003,0.0002
immune-inspired,0.0002,0.0001,0.0002,0.0002
immune-unhealthy,0.0001,0.0001,0.0003,0.0002
imp,0.0002,0.0001,0.0002,0.0002
impact,0.0003,0.0008,0.0005,0.0011
impl,0.0006,0.0003,0.0007,0.0004
implicit,0.0002,0.0001,0.0002,0.0004
imply,0.0002,0.0003,0.0002,0.0002
import,0.0004,0.0007,0.0005,0.0009
imprecid,0.0001,0.0003,0.0002,0.0004
improv,0.0038,0.0028,0.0038,0.0016
in-batch,0.0001,0.0001,0.0002,0.0005
in-depth,0.0002,0.0003,0.0002,0.0002
in-door,0.0001,0.0001,0.0002,0.0004
inaccess,0.0002,0.0001,0.0002,0.0002
inadequ,0.0001,0.0003,0.0002,0.0004
inbound,0.0001,0.0001,0.0003,0.0002
inceiv,0.0001,0.0003,0.0002,0.0002
includ,0.0017,0.0013,0.001,0.0013
incomplet,0.0002,0.0003,0.0002,0.0002
inconsist,0.0001,0.0003,0.0002,0.0002
incorp,0.0019,0.0009,0.0005,0.0004
incorrect,0.0001,0.0001,0.0002,0.0004
increas,0.0005,0.0007,0.0012,0.0018
incur,0.0003,0.0001,0.0002,0.0002
ind,0.001,0.0007,0.0007,0.0004
independ,0.0005,0.0001,0.0002,0.0002
independence-based,0.0002,0.0001,0.0002,0.0002
index,0.0005,0.0003,0.0002,0.0005
indicator-based,0.0002,0.0001,0.0002,0.0002
indispens,0.0001,0.0001,0.0002,0.0004
individ,0.0011,0.0003,0.0014,0.0002
indust,0.0002,0.0007,0.0005,0.0004
industry,0.0003,0.0003,0.0002,0.0002
industry-oriented,0.0001,0.0003,0.0002,0.0002
inefficy,0.0003,0.0001,0.0002,0.0004
inert,0.0006,0.0005,0.0003,0.0002
infinit,0.0002,0.0001,0.0002,0.0002
influ,0.0005,0.0004,0.0002,0.0004
inform,0.0007,0.0013,0.0007,0.0014
infr,0.0001,0.0001,0.0002,0.0004
infrastruct,0.0003,0.0001,0.0002,0.0004
infrastructure-based,0.0001,0.0003,0.0002,0.0002
infrequ,0.0002,0.0001,0.0002,0.0002
ingeny,0.0002,0.0001,0.0002,0.0002
inh,0.0002,0.0003,0.0002,0.0002
init,0.0007,0.0017,0.0007,0.0002
injury,0.0001,0.0004,0.0002,0.0002
innov,0.0006,0.0007,0.0003,0.0004
input,0.0002,0.0003,0.0002,0.0005
insect,0.0002,0.0003,0.0002,0.0002
insight,0.0005,0.0007,0.0003,0.0011
inspir,0.0008,0.0003,0.0002,0.0002
inst,0.0008,0.0001,0.0002,0.0005
instal,0.0001,0.0003,0.0002,0.0002
instead,0.0001,0.0003,0.0002,0.0002
instru,0.0001,0.0003,0.0002,0.0002
insufficy,0.0003,0.0003,0.0003,0.0002
int,0.0004,0.0001,0.0002,0.0002
integ,0.0003,0.0001,0.0002,0.0002
integr,0.0027,0.0016,0.0017,0.002
intel,0.0001,0.0003,0.0002,0.0002
intellect,0.0001,0.0003,0.0002,0.0002
intellig,0.001,0.0023,0.0005,0.0005
intend,0.0002,0.0001,0.0003,0.0002
intens,0.0004,0.0001,0.0003,0.0002
inter-class,0.0001,0.0003,0.0002,0.0002
inter-clust,0.0001,0.0001,0.0003,0.0002
inter-route,0.0001,0.0001,0.0002,0.0004
interact,0.0001,0.0005,0.0003,0.0005
interbank,0.0002,0.0001,0.0002,0.0002
interconnect,0.0002,0.0001,0.0002,0.0002
interdisciplin,0.0001,0.0003,0.0002,0.0004
interest,0.0001,0.0003,0.0003,0.0004
interf,0.0001,0.0001,0.0002,0.0004
interfac,0.0001,0.0003,0.0002,0.0002
interg,0.0005,0.0001,0.0002,0.0002
intermedy,0.0001,0.0003,0.0002,0.0002
intermit,0.0002,0.0001,0.0002,0.0002
intern,0.0002,0.0004,0.0002,0.0002
internet,0.0001,0.0001,0.0005,0.0002
interpol,0.0001,0.0001,0.0005,0.0002
interpret,0.0001,0.0007,0.0003,0.0002
intersect,0.0001,0.0003,0.0002,0.0002
interv,0.0001,0.0001,0.0003,0.0014
interval-valued,0.0001,0.0001,0.0002,0.0004
intra-class,0.0001,0.0003,0.0002,0.0002
intra-cluster,0.0001,0.0001,0.0005,0.0002
intrigu,0.0001,0.0001,0.0002,0.0004
intrins,0.0001,0.0003,0.0002,0.0002
introduc,0.0027,0.0015,0.0009,0.0014
intrud,0.0001,0.0003,0.0002,0.0002
intuit,0.0001,0.0001,0.0003,0.0004
inv,0.0001,0.0003,0.0002,0.0002
invers,0.0002,0.0001,0.0002,0.0002
invert,0.0002,0.0001,0.0002,0.0002
invest,0.0001,0.0004,0.0002,0.0005
investig,0.0004,0.0005,0.0007,0.0009
involv,0.0005,0.0003,0.0003,0.0005
iot,0.0002,0.0003,0.0005,0.0002
iou,0.0001,0.0004,0.0002,0.0002
ir,0.0001,0.0001,0.0003,0.0002
irrady,0.0001,0.0003,0.0002,0.0002
irregul,0.0002,0.0001,0.0002,0.0002
is,0.0002,0.0001,0.0002,0.0002
isol,0.0002,0.0001,0.0002,0.0002
isomorph,0.0001,0.0003,0.0002,0.0002
issu,0.0008,0.0009,0.001,0.0011
it,0.001,0.0003,0.0007,0.0004
item,0.0001,0.0001,0.0002,0.0005
jack,0.0004,0.0001,0.0002,0.0002
japanes,0.0001,0.0001,0.0002,0.0004
jay,0.0002,0.0001,0.0002,0.0002
job,0.0002,0.0004,0.0002,0.0002
join,0.0001,0.0001,0.0002,0.0004
joint,0.0001,0.0008,0.0002,0.0005
jssp,0.0001,0.0011,0.0002,0.0002
just,0.0001,0.0003,0.0002,0.0004
k-means,0.0002,0.0001,0.0002,0.0002
k-mopso,0.0002,0.0001,0.0002,0.0002
k-nearest,0.0001,0.0003,0.0003,0.0002
kaggl,0.0001,0.0001,0.0003,0.0002
kalyan,0.0003,0.0001,0.0002,0.0002
kap,0.0004,0.0001,0.0002,0.0002
kapp,0.0001,0.0003,0.0002,0.0002
karkh,0.0001,0.0001,0.0003,0.0002
keep,0.0001,0.0003,0.0002,0.0002
kept,0.0002,0.0003,0.0002,0.0002
kernel,0.0002,0.0004,0.0003,0.0002
key,0.0005,0.0007,0.0005,0.0005
key-point,0.0002,0.0001,0.0002,0.0002
key-point-based,0.0003,0.0001,0.0002,0.0002
khz,0.0001,0.0001,0.0002,0.0004
kinet,0.0002,0.0001,0.0002,0.0002
kit,0.0001,0.0005,0.0002,0.0002
knn,0.0001,0.0003,0.0003,0.0002
knowledg,0.0002,0.0001,0.0002,0.0018
known,0.0003,0.0003,0.0005,0.0004
kolmogorov,0.0001,0.0003,0.0002,0.0002
kompromisno,0.0001,0.0001,0.0002,0.0005
kroneck,0.0001,0.0001,0.0005,0.0002
ks,0.0001,0.0003,0.0002,0.0002
kwh,0.0003,0.0001,0.0002,0.0002
l,0.0002,0.0001,0.0002,0.0011
l-bfgs-b,0.0001,0.0001,0.0003,0.0002
label,0.0001,0.0003,0.0003,0.0007
lack,0.0004,0.0003,0.0002,0.0002
land,0.0001,0.0005,0.0007,0.0002
landscap,0.0004,0.0001,0.0002,0.0004
laplac,0.0001,0.0001,0.0002,0.0007
larg,0.0007,0.0005,0.0007,0.0005
large-scal,0.0005,0.0001,0.001,0.0004
largest,0.0001,0.0001,0.0002,0.0004
last,0.0001,0.0001,0.0002,0.0007
lat,0.0003,0.0001,0.0002,0.0002
latin,0.0001,0.0003,0.0002,0.0002
lattice-based,0.0002,0.0001,0.0002,0.0002
law,0.0001,0.0003,0.0002,0.0005
lay,0.0001,0.0012,0.0003,0.0004
layout,0.0003,0.0001,0.0002,0.0002
lco,0.0004,0.0001,0.0002,0.0002
lead,0.0008,0.0003,0.0003,0.0005
lead-lag,0.0002,0.0001,0.0002,0.0002
leaf,0.0001,0.0001,0.0014,0.0002
leaf-type,0.0001,0.0001,0.0003,0.0002
leak,0.0001,0.0003,0.0002,0.0002
leap,0.0003,0.0001,0.0002,0.0002
learn,0.0015,0.0073,0.0057,0.0009
learning-based,0.0001,0.0007,0.0002,0.0002
least,0.0002,0.0003,0.0002,0.0002
led,0.0003,0.0001,0.0002,0.0004
leg,0.0001,0.0003,0.0002,0.0002
lehm,0.0001,0.0001,0.0002,0.0004
leis,0.0001,0.0003,0.0002,0.0002
len,0.0001,0.0003,0.0002,0.0002
lend,0.0002,0.0001,0.0002,0.0002
lenet,0.0001,0.0003,0.0002,0.0002
leng,0.0002,0.0003,0.0002,0.0002
les,0.0001,0.0001,0.0003,0.0002
less,0.0002,0.0004,0.0002,0.0004
lev,0.0005,0.0004,0.0005,0.0007
level,0.0005,0.0001,0.0002,0.0007
levir-cd,0.0001,0.0003,0.0002,0.0002
levy,0.0003,0.0001,0.0002,0.0002
lhs,0.0002,0.0001,0.0002,0.0002
libr,0.0003,0.0003,0.0002,0.0002
lie,0.0004,0.0001,0.0002,0.0004
lif,0.0001,0.0001,0.0003,0.0005
lifestyl,0.0002,0.0001,0.0002,0.0002
light,0.0002,0.0009,0.0002,0.0004
lightweight,0.0001,0.0001,0.0007,0.0002
lik,0.0006,0.0008,0.0007,0.0005
limit,0.0011,0.0007,0.0012,0.0011
limited-memory,0.0001,0.0001,0.0003,0.0002
linear,0.0005,0.0004,0.0003,0.0002
lingu,0.0001,0.0001,0.0002,0.0013
link,0.0001,0.0001,0.0002,0.0007
lion,0.0002,0.0001,0.0002,0.0002
lipschitz,0.0001,0.0003,0.0002,0.0002
list,0.0003,0.0001,0.0002,0.0002
lit,0.0008,0.0003,0.0003,0.0004
lithium-ion,0.0001,0.0007,0.001,0.0002
littl,0.0001,0.0001,0.0002,0.0004
liv,0.0001,0.0001,0.0007,0.0004
livestock,0.0001,0.0004,0.0002,0.0002
lizard,0.0005,0.0001,0.0002,0.0002
lmopso,0.0002,0.0001,0.0002,0.0002
load,0.0012,0.0004,0.0003,0.0002
loc,0.004,0.0005,0.0016,0.0004
log,0.0005,0.0003,0.0003,0.0004
logarithm,0.0001,0.0001,0.0002,0.0004
long,0.0001,0.0005,0.0007,0.0004
long-run,0.0001,0.0001,0.0002,0.0004
long-term,0.0002,0.0001,0.0002,0.0002
longitudin,0.0001,0.0001,0.0002,0.0004
look,0.0001,0.0001,0.0002,0.0004
loom,0.0002,0.0001,0.0002,0.0002
loss,0.0009,0.0008,0.0003,0.0005
lost,0.0002,0.0001,0.0002,0.0002
low,0.0003,0.0005,0.0005,0.0004
lower-to-middle,0.0001,0.0003,0.0002,0.0002
lowest,0.0005,0.0003,0.0002,0.0002
lpsp,0.0004,0.0001,0.0002,0.0002
lshade,0.0003,0.0001,0.0002,0.0002
lstm,0.0001,0.0003,0.0005,0.0002
lstms,0.0001,0.0003,0.0002,0.0002
lump,0.0001,0.0003,0.0002,0.0002
lung,0.0001,0.0001,0.0002,0.0009
machin,0.0003,0.0028,0.0028,0.0007
machine-based,0.0001,0.0001,0.0005,0.0002
mad,0.0004,0.0001,0.0002,0.0004
madm,0.0001,0.0001,0.0002,0.0004
mae,0.0001,0.0005,0.0007,0.0002
magnet,0.0001,0.0005,0.0002,0.0002
main,0.0004,0.0004,0.0002,0.0007
main-feature,0.0001,0.0003,0.0002,0.0002
mainstay,0.0001,0.0001,0.0002,0.0004
mainstream,0.0001,0.0001,0.0002,0.0004
maint,0.0001,0.0003,0.0002,0.0002
maintain,0.0007,0.0005,0.0007,0.0002
maj,0.0002,0.0003,0.0003,0.0002
majorsourc,0.0001,0.0003,0.0002,0.0002
mak,0.0005,0.0007,0.0005,0.0018
makesp,0.0001,0.0001,0.0003,0.0002
malicy,0.0002,0.0001,0.0002,0.0002
mamb,0.0001,0.0003,0.0002,0.0002
man,0.0006,0.0016,0.0005,0.002
manet,0.0001,0.0008,0.0002,0.0002
manip,0.0001,0.0001,0.0002,0.0004
manufact,0.0002,0.0001,0.0002,0.0004
manuscrib,0.0001,0.0001,0.0002,0.0004
many,0.0007,0.0003,0.0007,0.0007
many-objective,0.0005,0.0001,0.0002,0.0002
map,0.0005,0.0007,0.0002,0.0013
market,0.0001,0.0003,0.0002,0.0016
markov,0.0001,0.0001,0.0002,0.0004
maro,0.0007,0.0001,0.0002,0.0002
mas,0.0002,0.0001,0.0002,0.0002
mask2former,0.0001,0.0004,0.0002,0.0002
mass,0.0003,0.0004,0.0002,0.0002
mat,0.0005,0.0001,0.0002,0.0002
match,0.0003,0.0003,0.0003,0.0002
mathb,0.0001,0.0001,0.0002,0.0004
mathem,0.0006,0.0001,0.0007,0.0014
mathematic,0.0001,0.0004,0.0002,0.0002
matrix,0.0004,0.0003,0.0002,0.0002
matrix-based,0.0002,0.0001,0.0002,0.0002
max-polling,0.0001,0.0003,0.0002,0.0002
maxim,0.0009,0.0005,0.0003,0.0004
maximin,0.0002,0.0001,0.0002,0.0002
maxout,0.0001,0.0003,0.0002,0.0002
maxvit,0.0001,0.0003,0.0002,0.0002
may,0.0002,0.0003,0.0003,0.0004
mbo,0.0004,0.0001,0.0002,0.0002
mcdfn,0.0001,0.0012,0.0002,0.0002
mcdm,0.0001,0.0001,0.0002,0.0004
mcp,0.0002,0.0001,0.0002,0.0002
mean,0.0005,0.0013,0.001,0.0009
meant,0.0001,0.0001,0.0002,0.0004
meanwhil,0.0002,0.0001,0.0002,0.0002
meas,0.0003,0.0009,0.0009,0.0032
mech,0.0019,0.0008,0.0014,0.0005
med,0.0007,0.0009,0.0009,0.0004
meet,0.0001,0.0004,0.0002,0.0004
mem,0.0004,0.0004,0.0005,0.0002
memb,0.0001,0.0003,0.0002,0.0002
memet,0.0001,0.0001,0.0003,0.0002
merec,0.0001,0.0001,0.0002,0.0005
merg,0.0004,0.0001,0.0002,0.0002
merit,0.0002,0.0001,0.0002,0.0002
met,0.0015,0.0009,0.001,0.0018
meta-heuristic,0.0005,0.0001,0.0005,0.0002
meta-heuristics,0.0005,0.0001,0.0002,0.0002
meta-learner,0.0001,0.0003,0.0003,0.0002
metah,0.0039,0.0001,0.0021,0.0009
method,0.0051,0.0051,0.0035,0.0049
methodolog,0.0005,0.002,0.0002,0.0018
methods-artificial,0.0002,0.0001,0.0002,0.0002
mfo,0.0002,0.0001,0.0002,0.0002
mg,0.0002,0.0001,0.0002,0.0002
mgo,0.0001,0.0001,0.0005,0.0002
mgo-dnm,0.0001,0.0001,0.0003,0.0002
mgp-bbbc,0.0004,0.0001,0.0002,0.0002
mgs,0.0002,0.0001,0.0002,0.0002
mh,0.0001,0.0001,0.0005,0.0002
mha,0.0001,0.0001,0.0003,0.0002
microgrid,0.0003,0.0001,0.0002,0.0002
microphon,0.0001,0.0001,0.0002,0.0004
middle-to-top,0.0001,0.0003,0.0002,0.0002
migr,0.0002,0.0003,0.0002,0.0002
milit,0.0002,0.0001,0.0002,0.0002
mim,0.0001,0.0001,0.0003,0.0002
min,0.0002,0.0007,0.0003,0.0004
min-max,0.0001,0.0005,0.0002,0.0002
minim,0.0018,0.0003,0.0007,0.0002
mir,0.0001,0.0003,0.0002,0.0002
miss,0.0001,0.0001,0.0002,0.0007
mitig,0.0004,0.0001,0.0002,0.0004
mix,0.0003,0.0003,0.0002,0.0002
mixbcn,0.0001,0.0003,0.0002,0.0002
mixed-dataset,0.0001,0.0003,0.0002,0.0002
mixt,0.0001,0.0005,0.0002,0.0002
ml,0.0001,0.0009,0.0007,0.0002
ml-based,0.0001,0.0001,0.0003,0.0002
mlp,0.0001,0.0001,0.0003,0.0002
mmfo,0.0004,0.0001,0.0002,0.0002
mobl,0.0004,0.0005,0.0002,0.0002
mod,0.0016,0.0012,0.0007,0.0007
model,0.002,0.0111,0.0076,0.0067
model-based,0.0001,0.0003,0.0002,0.0002
modern,0.0003,0.0003,0.0002,0.0005
modul,0.0001,0.0005,0.0002,0.0002
moea-dapd,0.0004,0.0001,0.0002,0.0002
moggo,0.0007,0.0001,0.0002,0.0002
mogwo,0.0002,0.0001,0.0002,0.0002
mold,0.0002,0.0001,0.0002,0.0002
money,0.0001,0.0001,0.0002,0.0004
monit,0.0006,0.0007,0.0002,0.0002
monoton,0.0001,0.0001,0.0002,0.0005
mopso,0.0006,0.0001,0.0002,0.0002
moreov,0.0007,0.0003,0.0003,0.0007
mort,0.0001,0.0001,0.0002,0.0004
mosfcmpso,0.0004,0.0001,0.0002,0.0002
mosfpso,0.0002,0.0001,0.0002,0.0002
mot,0.0005,0.0001,0.0002,0.0005
moth-flame,0.0002,0.0001,0.0002,0.0002
mountain,0.0001,0.0001,0.0005,0.0002
mov,0.0002,0.0004,0.0002,0.0004
mpso,0.0002,0.0001,0.0002,0.0002
mro,0.0003,0.0001,0.0002,0.0002
mrocaro,0.0005,0.0001,0.0002,0.0002
ms,0.0003,0.0003,0.0002,0.0002
msdbo,0.0004,0.0001,0.0002,0.0002
mse,0.0001,0.0005,0.0002,0.0002
msfla,0.0002,0.0001,0.0002,0.0002
msvr-pso,0.0001,0.0001,0.0003,0.0002
mth,0.0002,0.0001,0.0002,0.0002
mtsp,0.0003,0.0001,0.0002,0.0002
mult,0.0005,0.0005,0.0002,0.0002
multi-attribute,0.0001,0.0001,0.0002,0.0007
multi-channel,0.0001,0.0004,0.0002,0.0002
multi-class,0.0001,0.0001,0.0009,0.0002
multi-dimensional,0.0002,0.0001,0.0002,0.0002
multi-dock,0.0001,0.0001,0.0005,0.0002
multi-domain,0.0001,0.0001,0.0002,0.0004
multi-feature,0.0001,0.0003,0.0002,0.0002
multi-level,0.0004,0.0001,0.0002,0.0002
multi-objective,0.0023,0.0001,0.0005,0.0002
multi-optimization-based,0.0001,0.0001,0.0003,0.0002
multi-peaked,0.0001,0.0001,0.0003,0.0002
multi-point,0.0002,0.0001,0.0002,0.0002
multi-population,0.0003,0.0001,0.0002,0.0002
multi-populations,0.0002,0.0001,0.0002,0.0002
multi-scale,0.0001,0.0003,0.0002,0.0002
multi-step,0.0001,0.0004,0.0002,0.0002
multi-strategy,0.0007,0.0004,0.0002,0.0002
multi-traveling,0.0002,0.0001,0.0002,0.0002
multi-word,0.0001,0.0003,0.0002,0.0002
multi/many-objective,0.0003,0.0001,0.0002,0.0002
multidimend,0.0003,0.0001,0.0005,0.0002
multifacet,0.0001,0.0001,0.0003,0.0004
multilay,0.0001,0.0001,0.0003,0.0002
multilevel,0.0003,0.0001,0.0002,0.0002
multimod,0.0013,0.0001,0.0002,0.0002
multiobject,0.0002,0.0001,0.0002,0.0002
multipl,0.0008,0.0013,0.0007,0.0005
multiply,0.0001,0.0001,0.0002,0.0004
multitask,0.0004,0.0001,0.0002,0.0002
multitud,0.0002,0.0001,0.0002,0.0002
mur,0.0001,0.0003,0.0002,0.0002
musculoskelet,0.0001,0.0008,0.0002,0.0002
must,0.0002,0.0004,0.0002,0.0002
mut,0.001,0.0003,0.0005,0.0002
mw,0.0003,0.0001,0.0002,0.0002
mycel,0.0001,0.0005,0.0002,0.0002
mycelium-nas,0.0001,0.0004,0.0002,0.0002
n,0.0001,0.0001,0.0002,0.0004
naiv,0.0001,0.0004,0.0002,0.0002
nam,0.0007,0.0001,0.0007,0.0002
nanopartic,0.0001,0.0001,0.0002,0.0009
nanoparticle-based,0.0001,0.0001,0.0002,0.0004
nas,0.0001,0.0005,0.0002,0.0002
nat,0.0005,0.0004,0.0003,0.0004
nature-inspired,0.0004,0.0001,0.0005,0.0002
naur,0.0001,0.0001,0.0002,0.0004
navig,0.0001,0.0003,0.0005,0.0004
na√Øv,0.0001,0.0003,0.0002,0.0002
ncs,0.0001,0.0001,0.0002,0.0004
ndsolve,0.0001,0.0001,0.0003,0.0002
near,0.0003,0.0001,0.0002,0.0002
near-optimal,0.0002,0.0001,0.0002,0.0002
nearest,0.0001,0.0003,0.0002,0.0002
necessit,0.0003,0.0001,0.0003,0.0004
nee,0.0009,0.0008,0.0005,0.0004
neg,0.0003,0.0004,0.0003,0.0002
neglig,0.0001,0.0003,0.0002,0.0002
neighb,0.0003,0.0003,0.0003,0.0004
neighbo,0.0001,0.0001,0.0007,0.0002
nemeny,0.0001,0.0003,0.0002,0.0002
net,0.0002,0.0001,0.0002,0.0002
net-zero,0.0001,0.0001,0.0002,0.0004
network,0.0021,0.0069,0.0041,0.0011
network-driven,0.0001,0.0003,0.0002,0.0002
neur,0.0003,0.0052,0.0031,0.0005
neural-inspired,0.0002,0.0001,0.0002,0.0002
neural-networks,0.0001,0.0001,0.0003,0.0002
neuro-evolutionary,0.0003,0.0001,0.0002,0.0002
neuroevolv,0.0001,0.0001,0.0005,0.0002
neuron,0.0001,0.0001,0.0009,0.0002
neuroscy,0.0001,0.0001,0.0002,0.0004
neut,0.0002,0.0001,0.0002,0.0002
nevertheless,0.0001,0.0003,0.0003,0.0002
new,0.0016,0.0009,0.0007,0.002
newton,0.0002,0.0001,0.0005,0.0002
next-generation,0.0002,0.0001,0.0002,0.0002
nfc-based,0.0001,0.0003,0.0002,0.0002
nich,0.0002,0.0001,0.0002,0.0002
nimakhodadad,0.0002,0.0001,0.0002,0.0002
nin,0.0002,0.0004,0.0003,0.0002
nn,0.0001,0.0005,0.0002,0.0002
no-waiting,0.0003,0.0001,0.0002,0.0002
nod,0.0015,0.0007,0.0003,0.0004
node-level,0.0001,0.0001,0.0002,0.0005
nois,0.0001,0.0003,0.0002,0.0002
noise-tolerant,0.0001,0.0003,0.0002,0.0002
noisy,0.0001,0.0003,0.0002,0.0004
non,0.0001,0.0003,0.0002,0.0002
non-awardees,0.0001,0.0001,0.0002,0.0004
non-biodegradable,0.0001,0.0001,0.0002,0.0004
non-dominance,0.0002,0.0001,0.0002,0.0002
non-dominated,0.0004,0.0001,0.0002,0.0002
non-government,0.0001,0.0001,0.0002,0.0004
non-linear,0.0002,0.0001,0.0002,0.0002
non-negative,0.0004,0.0001,0.0002,0.0002
non-parametric,0.0002,0.0001,0.0002,0.0002
non-permutation-based,0.0002,0.0001,0.0002,0.0002
non-separable,0.0003,0.0001,0.0002,0.0002
non-stationary,0.0001,0.0003,0.0002,0.0002
nonetheless,0.0001,0.0001,0.0002,0.0004
nonlinear,0.0002,0.0009,0.0005,0.0002
norm,0.0001,0.0004,0.0003,0.0005
normal-tumor,0.0001,0.0001,0.0003,0.0002
not,0.0006,0.0005,0.0003,0.0007
novel,0.0025,0.0023,0.001,0.0009
np-hard,0.0002,0.0003,0.0002,0.0002
npc,0.0004,0.0001,0.0002,0.0002
nsga-ii,0.0002,0.0001,0.0002,0.0002
num,0.0005,0.0009,0.0002,0.0005
numb,0.0009,0.0009,0.0007,0.0007
nyka,0.0001,0.0001,0.0003,0.0002
nyt10,0.0001,0.0001,0.0002,0.0004
object,0.002,0.0013,0.0009,0.0007
obl,0.0005,0.0001,0.0002,0.0002
observ,0.0002,0.0005,0.0007,0.0002
obstac,0.0001,0.0001,0.0002,0.0004
obstacle-rang,0.0001,0.0001,0.0002,0.0004
obstruct,0.0001,0.0001,0.0003,0.0002
obtain,0.0004,0.0012,0.0005,0.0005
oc-aefa,0.0002,0.0001,0.0002,0.0002
odm,0.0003,0.0001,0.0002,0.0002
odma-g,0.0005,0.0001,0.0002,0.0002
ofcm,0.0001,0.0004,0.0002,0.0002
off,0.001,0.0009,0.0005,0.0016
off-grid,0.0003,0.0001,0.0002,0.0002
offlin,0.0001,0.0004,0.0002,0.0002
offspr,0.0004,0.0001,0.0002,0.0002
oft,0.0006,0.0007,0.0007,0.0007
on,0.0005,0.0013,0.0003,0.0009
one-third,0.0002,0.0001,0.0002,0.0002
one-way,0.0002,0.0001,0.0002,0.0002
ongo,0.0002,0.0001,0.0002,0.0002
onlin,0.0002,0.0007,0.0002,0.0004
onto,0.0001,0.0001,0.0003,0.0002
oo,0.0002,0.0001,0.0002,0.0002
op,0.0038,0.0005,0.0005,0.0043
open-source,0.0003,0.0001,0.0002,0.0002
opf,0.0008,0.0001,0.0002,0.0002
opportun,0.0001,0.0007,0.0002,0.0007
opposit,0.0004,0.0001,0.0002,0.0002
opposition-based,0.0007,0.0001,0.0002,0.0002
oppositional-based,0.0002,0.0001,0.0002,0.0002
opt,0.0004,0.0004,0.0002,0.0007
optim,0.0236,0.004,0.0142,0.0043
optimizacij,0.0001,0.0001,0.0002,0.0004
optimization-assisted,0.0001,0.0003,0.0002,0.0002
optun,0.0001,0.0003,0.0002,0.0002
orbit,0.0001,0.0001,0.0002,0.0009
ord,0.0009,0.0001,0.0005,0.0007
org,0.0001,0.0004,0.0002,0.0005
origin,0.0006,0.0003,0.0009,0.0005
orthogon,0.0001,0.0003,0.0002,0.0002
orthopair,0.0001,0.0001,0.0002,0.0013
ory,0.0003,0.0003,0.0002,0.0002
os,0.0006,0.0001,0.0002,0.0002
osprey,0.0004,0.0001,0.0002,0.0002
oth,0.0001,0.0001,0.0002,0.0004
otherw,0.0001,0.0001,0.0002,0.0004
otsu,0.0004,0.0001,0.0002,0.0002
out,0.0002,0.0003,0.0002,0.0002
out-of-band,0.0001,0.0001,0.0002,0.0004
outbound,0.0001,0.0001,0.0003,0.0002
outcom,0.0006,0.0004,0.0003,0.0002
outlin,0.0001,0.0001,0.0002,0.0005
outperform,0.0011,0.0004,0.001,0.0004
output,0.0002,0.0003,0.0002,0.0002
outsid,0.0001,0.0001,0.0002,0.0004
outsourc,0.0006,0.0001,0.0002,0.0002
outstand,0.0002,0.0001,0.0002,0.0004
overal,0.0005,0.0004,0.0003,0.0002
overcom,0.0003,0.0003,0.0002,0.0005
overhead,0.0001,0.0003,0.0003,0.0002
overlap,0.0001,0.0004,0.0003,0.0002
overlook,0.0001,0.0003,0.0002,0.0004
oversampl,0.0001,0.0004,0.0002,0.0002
overshoot,0.0002,0.0001,0.0002,0.0002
overview,0.0001,0.0004,0.0002,0.0002
overwhelm,0.0001,0.0001,0.0003,0.0002
ow,0.0001,0.0003,0.0002,0.0002
p,0.0001,0.0005,0.0002,0.0002
p-value,0.0001,0.0003,0.0002,0.0002
p-values,0.0002,0.0001,0.0002,0.0002
p.u.,0.0002,0.0001,0.0002,0.0002
p_yfs,0.0001,0.0001,0.0002,0.0004
pac,0.0001,0.0003,0.0002,0.0002
packet,0.0001,0.0004,0.0002,0.0002
paid,0.0002,0.0001,0.0002,0.0002
pair,0.0001,0.0003,0.0003,0.0009
pair-based,0.0001,0.0001,0.0002,0.0004
pairw,0.0002,0.0001,0.0002,0.0002
pap,0.0024,0.0016,0.0016,0.0031
par,0.0004,0.0001,0.0002,0.0002
paradigm,0.0002,0.0003,0.0002,0.0002
parallel,0.0004,0.0007,0.0003,0.0002
paramet,0.0013,0.0023,0.0012,0.0013
parameter-tuned,0.0002,0.0001,0.0002,0.0002
paramount,0.0002,0.0001,0.0002,0.0002
pareto,0.0004,0.0001,0.0002,0.0004
pareto-optimal,0.0003,0.0001,0.0002,0.0002
part,0.0002,0.0003,0.0002,0.0002
partic,0.0016,0.0001,0.0012,0.0004
particip,0.0002,0.0001,0.0002,0.0002
particul,0.0008,0.0007,0.0012,0.0004
partit,0.0004,0.0004,0.0003,0.0002
pass,0.0001,0.0004,0.0002,0.0002
passeng,0.0002,0.0001,0.0002,0.0002
past,0.0002,0.0001,0.0002,0.0004
path,0.0008,0.0001,0.0002,0.0004
path-planning,0.0002,0.0001,0.0002,0.0002
patholog,0.0001,0.0004,0.0002,0.0002
pattern,0.0002,0.0012,0.0003,0.0005
paty,0.0002,0.0003,0.0002,0.0002
pay,0.0001,0.0003,0.0002,0.0002
pch,0.0001,0.0001,0.0003,0.0002
peak,0.0007,0.0001,0.0002,0.0002
pearclust,0.0001,0.0003,0.0002,0.0002
pearson,0.0001,0.0004,0.0002,0.0002
peer,0.0002,0.0001,0.0002,0.0002
pen,0.0001,0.0003,0.0002,0.0002
penal,0.0001,0.0003,0.0002,0.0002
peopl,0.0001,0.0001,0.0002,0.0004
per,0.0001,0.0003,0.0002,0.0002
perc,0.0002,0.0003,0.0002,0.0002
perceiv,0.0001,0.0001,0.0003,0.0002
perceptron,0.0001,0.0001,0.0003,0.0002
perform,0.0071,0.0031,0.0047,0.0023
period,0.0002,0.0004,0.0002,0.0002
perm,0.0001,0.0001,0.0002,0.0004
permit,0.0002,0.0001,0.0002,0.0002
permut,0.0004,0.0003,0.0002,0.0002
permutation-based,0.0004,0.0001,0.0002,0.0002
persist,0.0002,0.0001,0.0002,0.0004
personnel,0.0001,0.0003,0.0002,0.0002
perspect,0.0002,0.0005,0.0002,0.0002
perturb,0.0003,0.0001,0.0005,0.0002
pervas,0.0002,0.0001,0.0002,0.0002
pest,0.0001,0.0016,0.0002,0.0002
pfrcossim,0.0001,0.0004,0.0002,0.0002
phas,0.0012,0.0004,0.0005,0.0004
phenomen,0.0002,0.0003,0.0002,0.0002
phenomenon,0.0002,0.0001,0.0002,0.0002
pheromon,0.0002,0.0001,0.0002,0.0002
photograph,0.0001,0.0003,0.0002,0.0002
photovolta,0.0002,0.0004,0.0002,0.0002
phys,0.0001,0.0003,0.0003,0.0007
physics-informed,0.0001,0.0001,0.0009,0.0002
pict,0.0001,0.0001,0.0003,0.0002
ping,0.0001,0.0001,0.0002,0.0004
pion,0.0001,0.0001,0.0002,0.0004
pivot,0.0001,0.0001,0.0002,0.0005
pixel-wise,0.0001,0.0003,0.0002,0.0002
plac,0.0008,0.0001,0.0002,0.0002
plan,0.0006,0.0001,0.0003,0.0014
plant,0.0001,0.0013,0.0022,0.0002
plant-related,0.0001,0.0003,0.0002,0.0002
plast,0.0001,0.0001,0.0002,0.0007
platform,0.0001,0.0001,0.0002,0.0005
play,0.0001,0.0001,0.0005,0.0004
plot,0.0003,0.0004,0.0002,0.0002
point,0.0004,0.0001,0.0002,0.0004
pointw,0.0001,0.0001,0.0003,0.0002
pol,0.0001,0.0001,0.0002,0.0004
policy,0.0001,0.0004,0.0003,0.0005
pollin,0.0001,0.0001,0.0003,0.0002
pollut,0.0001,0.0001,0.0002,0.0004
polynom,0.0001,0.0001,0.0003,0.0002
poor,0.0002,0.0001,0.0002,0.0005
pop,0.0028,0.0004,0.0009,0.0004
popul,0.0003,0.0004,0.0003,0.0004
population-based,0.0004,0.0001,0.0002,0.0002
populations-one,0.0001,0.0001,0.0003,0.0002
pos,0.0001,0.0003,0.0002,0.0004
posit,0.001,0.0005,0.001,0.0004
positive-cas,0.0001,0.0003,0.0002,0.0002
poss,0.0001,0.0001,0.0002,0.0004
possess,0.0003,0.0001,0.0002,0.0002
post,0.0001,0.0001,0.0002,0.0004
post-hoc,0.0002,0.0003,0.0002,0.0002
post-quantum,0.0003,0.0001,0.0002,0.0002
pot,0.001,0.0011,0.0014,0.0009
potato,0.0001,0.0003,0.0002,0.0002
pow,0.0038,0.0001,0.0003,0.0014
ppda-nega-pqhe,0.0004,0.0001,0.0002,0.0002
pqhe,0.0002,0.0001,0.0002,0.0002
pqi,0.0003,0.0001,0.0002,0.0002
pr,0.0003,0.0001,0.0002,0.0002
pract,0.0009,0.0005,0.0003,0.0009
practit,0.0001,0.0003,0.0002,0.0002
pre-defined,0.0001,0.0003,0.0002,0.0002
pre-processed,0.0001,0.0001,0.0003,0.0002
prec,0.0003,0.0001,0.0007,0.0004
precid,0.0003,0.0005,0.0012,0.0004
precocy,0.0002,0.0001,0.0002,0.0002
pred,0.0002,0.0001,0.0002,0.0002
predecess,0.0002,0.0001,0.0002,0.0002
predict,0.0005,0.0035,0.004,0.0002
pref,0.0001,0.0001,0.0003,0.0002
prem,0.0005,0.0001,0.0005,0.0004
premium/ordinary,0.0001,0.0001,0.0002,0.0005
preprocess,0.0001,0.0003,0.0002,0.0002
pres,0.0017,0.0013,0.001,0.0025
preserv,0.0005,0.0003,0.0002,0.0002
press,0.0002,0.0001,0.0002,0.0002
prestig,0.0001,0.0001,0.0002,0.0004
prestigy,0.0002,0.0001,0.0002,0.0002
pretrain,0.0001,0.0001,0.0003,0.0002
prev,0.0003,0.0004,0.0005,0.0004
prevail,0.0001,0.0003,0.0003,0.0004
prevy,0.0001,0.0001,0.0002,0.0005
prey,0.0002,0.0001,0.0002,0.0002
prey-based,0.0003,0.0001,0.0002,0.0002
pri,0.0002,0.0001,0.0002,0.0002
pric,0.0002,0.0001,0.0002,0.0005
prim,0.0008,0.0003,0.0005,0.0004
princip,0.0001,0.0003,0.0002,0.0002
principl,0.0003,0.0001,0.0005,0.0004
print,0.0002,0.0001,0.0002,0.0002
prism,0.0001,0.0003,0.0002,0.0002
priv,0.0001,0.0008,0.0002,0.0002
privacy-preserving,0.0003,0.0001,0.0002,0.0002
prob,0.0007,0.0001,0.0002,0.0014
problem,0.0112,0.0019,0.0031,0.0041
problem-solving,0.0003,0.0001,0.0002,0.0002
problem-specific,0.0002,0.0001,0.0002,0.0002
proc,0.0002,0.0001,0.0002,0.0002
process,0.0014,0.0019,0.0007,0.0014
produc,0.0007,0.0008,0.001,0.0007
proficy,0.0003,0.0001,0.0002,0.0002
profil,0.0001,0.0003,0.0002,0.0002
profit,0.0001,0.0003,0.0002,0.0002
profound,0.0001,0.0001,0.0003,0.0002
prognos,0.0001,0.0001,0.0003,0.0002
program,0.0004,0.0001,0.0002,0.0005
progress,0.0003,0.0003,0.0005,0.0005
project,0.0003,0.0011,0.0002,0.0009
prom,0.001,0.0004,0.0005,0.0004
prometh,0.0002,0.0001,0.0002,0.0002
promethee-driven,0.0002,0.0001,0.0002,0.0002
promin,0.0003,0.0003,0.0002,0.0002
promot,0.0003,0.0001,0.0003,0.0002
pron,0.0001,0.0003,0.0002,0.0002
prop,0.0002,0.0008,0.0002,0.0002
property,0.0001,0.0003,0.0002,0.0004
proport,0.0004,0.0003,0.0002,0.0002
propos,0.0076,0.0056,0.006,0.0049
propriet,0.0001,0.0003,0.0002,0.0002
prospect,0.0001,0.0001,0.0002,0.0004
protect,0.0001,0.0005,0.0002,0.0002
protocol,0.0002,0.0004,0.0002,0.0002
prov,0.0003,0.0001,0.0003,0.0004
provid,0.0018,0.0017,0.0012,0.0009
prowess,0.0001,0.0001,0.0003,0.0002
proxim,0.0001,0.0003,0.0002,0.0002
psco,0.0005,0.0001,0.0002,0.0002
psnr,0.0003,0.0003,0.0002,0.0002
pso,0.0006,0.0001,0.0014,0.0002
pso-ga,0.0001,0.0001,0.0009,0.0002
psofa-dt,0.0001,0.0001,0.0005,0.0002
psycholog,0.0001,0.0001,0.0005,0.0002
publ,0.0003,0.0004,0.0005,0.0005
pulmon,0.0001,0.0001,0.0003,0.0002
pulse-echo,0.0001,0.0001,0.0002,0.0004
purpos,0.0002,0.0005,0.0003,0.0004
put,0.0003,0.0003,0.0002,0.0004
pv,0.0003,0.0004,0.0002,0.0002
pwm,0.0001,0.0001,0.0002,0.0007
pyth,0.0001,0.0001,0.0002,0.002
python,0.0001,0.0003,0.0003,0.0002
q,0.0001,0.0001,0.0002,0.0011
q-learning,0.0003,0.0001,0.0002,0.0002
q-rung,0.0001,0.0001,0.0002,0.0013
q-table,0.0002,0.0001,0.0002,0.0002
qap,0.0004,0.0001,0.0002,0.0002
qaplib,0.0002,0.0001,0.0002,0.0002
qbiagdo,0.0001,0.0001,0.001,0.0002
qilv,0.0002,0.0001,0.0002,0.0002
qt,0.0003,0.0001,0.0002,0.0002
quadr,0.0003,0.0001,0.0005,0.0002
qual,0.0016,0.0009,0.0016,0.0005
qualit,0.0001,0.0003,0.0002,0.0004
quant,0.0003,0.0003,0.0012,0.0011
quantum-resistant,0.0002,0.0001,0.0002,0.0002
quasi-opposition-based,0.0003,0.0001,0.0002,0.0002
quasi-oppositional-based,0.0002,0.0001,0.0002,0.0002
query,0.0001,0.0017,0.0002,0.0002
queu,0.0001,0.0001,0.0002,0.0007
quick,0.0001,0.0001,0.0003,0.0002
r-cnn,0.0001,0.0003,0.0002,0.0002
r-square,0.0001,0.0003,0.0002,0.0002
rabbit,0.0005,0.0001,0.0002,0.0002
rad,0.0002,0.0001,0.0003,0.0002
radiograph,0.0001,0.0007,0.0002,0.0002
rady,0.0001,0.0001,0.0002,0.0004
ramp,0.0002,0.0001,0.0002,0.0002
rand,0.0001,0.0001,0.0003,0.0002
random,0.0013,0.0009,0.001,0.0002
random-oppositional,0.0002,0.0001,0.0002,0.0002
randomforest,0.0001,0.0003,0.0002,0.0002
rang,0.0004,0.0004,0.0007,0.0009
rangirand,0.0001,0.0001,0.0002,0.0004
rank,0.0005,0.0001,0.0002,0.0014
rank-sum,0.0002,0.0001,0.0002,0.0002
raphson,0.0002,0.0001,0.0002,0.0002
rapid,0.0004,0.0003,0.0003,0.0002
rat,0.0008,0.0004,0.0009,0.0004
ratio,0.0003,0.0003,0.0002,0.0002
ravdess,0.0001,0.0001,0.0007,0.0002
reach,0.0002,0.0001,0.0003,0.0002
react,0.0005,0.0001,0.0002,0.0002
real,0.0002,0.0004,0.0005,0.0004
real-life,0.0002,0.0001,0.0003,0.0004
real-time,0.0003,0.0003,0.0002,0.0002
real-world,0.0016,0.0004,0.0002,0.0004
reason,0.0002,0.0001,0.0002,0.0002
reasoning-actuation,0.0001,0.0003,0.0002,0.0002
rec,0.001,0.0008,0.0009,0.0007
recal,0.0001,0.0004,0.0007,0.0004
receiv,0.0001,0.0001,0.0002,0.0005
recogn,0.0002,0.0001,0.0003,0.0002
recognit,0.0001,0.0012,0.001,0.0002
recommend,0.0002,0.0003,0.0003,0.0002
reconfig,0.0004,0.0001,0.0002,0.0002
recovery,0.0001,0.0003,0.0002,0.0002
rect,0.0001,0.0003,0.0002,0.0002
recur,0.0001,0.0005,0.0002,0.0002
recurrent-convolutional,0.0001,0.0003,0.0002,0.0002
redefin,0.0002,0.0001,0.0002,0.0002
redeploy,0.0002,0.0001,0.0002,0.0002
reduc,0.002,0.0008,0.0022,0.0016
redund,0.0002,0.0008,0.0003,0.0007
ref,0.0001,0.0003,0.0005,0.0002
refer,0.0002,0.0001,0.0002,0.0002
refin,0.0006,0.0003,0.0003,0.0004
reflect,0.0001,0.0003,0.0002,0.0004
reg,0.0011,0.0001,0.0007,0.0002
regard,0.0004,0.0003,0.0002,0.0002
regress,0.0001,0.0005,0.0007,0.0002
regul,0.0001,0.0003,0.0003,0.0002
reinforc,0.0001,0.0005,0.0002,0.0002
rel,0.0005,0.0011,0.0002,0.0014
releas,0.0001,0.0003,0.0002,0.0002
relev,0.0002,0.0003,0.0003,0.0007
reliability-based,0.0003,0.0001,0.0002,0.0002
relink,0.0002,0.0001,0.0002,0.0002
reloc,0.0002,0.0001,0.0002,0.0002
rely,0.0009,0.0009,0.0005,0.0009
remain,0.0004,0.0004,0.0003,0.0007
remark,0.0002,0.0004,0.0002,0.0002
remot,0.0001,0.0011,0.0002,0.0002
remov,0.0002,0.0004,0.0002,0.0004
rend,0.0001,0.0001,0.0005,0.0002
renew,0.0008,0.0004,0.0002,0.0007
renown,0.0001,0.0001,0.0003,0.0002
reory,0.0001,0.0003,0.0002,0.0002
rep,0.0001,0.0001,0.0002,0.0004
reply,0.0002,0.0001,0.0002,0.0002
report,0.0003,0.0001,0.0003,0.0004
repres,0.0008,0.0013,0.0014,0.002
request,0.0005,0.0001,0.0002,0.0002
requir,0.0005,0.0015,0.0009,0.0009
res,0.0002,0.0001,0.0002,0.0002
research,0.0013,0.0027,0.0012,0.002
research-oriented,0.0001,0.0003,0.0002,0.0002
resend,0.0001,0.0001,0.0002,0.0004
reservoir,0.0002,0.0001,0.0002,0.0002
reset,0.0001,0.0003,0.0002,0.0002
resid,0.0001,0.0004,0.0002,0.0002
resist,0.0002,0.0003,0.0002,0.0004
resnet,0.0001,0.0004,0.0003,0.0002
resnet-101,0.0001,0.0003,0.0002,0.0002
resnet-50,0.0001,0.0003,0.0002,0.0002
resolv,0.0003,0.0003,0.0003,0.0004
reson,0.0001,0.0005,0.0002,0.0002
resourc,0.0003,0.0007,0.0002,0.0005
resource-conscious,0.0001,0.0003,0.0002,0.0002
respect,0.0006,0.0005,0.0007,0.0004
respond,0.0003,0.0003,0.0002,0.0002
respons,0.0005,0.0005,0.0002,0.0002
ress,0.0003,0.0001,0.0002,0.0002
rest,0.0001,0.0004,0.0002,0.0002
restrict,0.0002,0.0001,0.0003,0.0004
restruct,0.0002,0.0001,0.0002,0.0002
result,0.0041,0.0033,0.0033,0.0022
resy,0.0003,0.0003,0.0002,0.0004
ret,0.0001,0.0001,0.0002,0.0007
retain,0.0003,0.0001,0.0002,0.0002
return,0.0001,0.0008,0.0002,0.0004
reus,0.0001,0.0001,0.0007,0.0002
rev,0.0005,0.0003,0.0003,0.0004
revers,0.0001,0.0003,0.0002,0.0002
review,0.0004,0.0013,0.0003,0.0013
revolv,0.0002,0.0001,0.0002,0.0004
reward,0.0002,0.0001,0.0002,0.0004
rf,0.0001,0.0003,0.0003,0.0002
rich,0.0001,0.0003,0.0005,0.0002
rig,0.0005,0.0001,0.0002,0.0002
right,0.0001,0.0001,0.0002,0.0004
ring,0.0001,0.0003,0.0002,0.0002
ris,0.0002,0.0001,0.0002,0.0002
risk,0.0007,0.0003,0.0005,0.0023
riv,0.0001,0.0001,0.0007,0.0002
rmse,0.0002,0.0003,0.0007,0.0002
road,0.0001,0.0003,0.0002,0.0002
robot,0.0004,0.0008,0.0002,0.0009
robust,0.0016,0.0007,0.0005,0.0005
rof,0.0001,0.0001,0.0002,0.0011
rol,0.0004,0.0001,0.0007,0.0005
root,0.0003,0.0005,0.0003,0.0002
rough,0.0003,0.0001,0.0002,0.0002
roulet,0.0003,0.0001,0.0002,0.0002
rout,0.001,0.0015,0.0003,0.0013
rr,0.0002,0.0001,0.0002,0.0002
rt,0.0003,0.0001,0.0002,0.0002
rul,0.0003,0.0003,0.0002,0.0002
rumin,0.0001,0.0003,0.0002,0.0002
run,0.0004,0.0003,0.0002,0.0002
rush,0.0001,0.0001,0.0005,0.0002
rw,0.0003,0.0001,0.0002,0.0002
s-club,0.0005,0.0001,0.0002,0.0002
s-clubs,0.0003,0.0001,0.0002,0.0002
s-shaped,0.0001,0.0001,0.0003,0.0002
s.,0.0001,0.0003,0.0002,0.0002
sacr,0.0002,0.0001,0.0002,0.0002
sae,0.0001,0.0001,0.0005,0.0002
saea,0.0001,0.0001,0.0005,0.0002
saf,0.0002,0.0001,0.0002,0.0002
safeguard,0.0002,0.0003,0.0002,0.0002
sal,0.0001,0.0001,0.0003,0.0002
salesm,0.0008,0.0001,0.0002,0.0004
salespeopl,0.0004,0.0001,0.0002,0.0002
salp,0.0002,0.0001,0.0002,0.0002
sampl,0.0002,0.0015,0.0003,0.0004
sand,0.0003,0.0001,0.0002,0.0002
sao,0.0001,0.0001,0.0007,0.0002
satellit,0.0001,0.0007,0.0002,0.0002
satisfy,0.0002,0.0003,0.0002,0.0002
sav,0.0002,0.0001,0.0007,0.0002
sbo,0.0007,0.0001,0.0002,0.0002
scal,0.001,0.0015,0.0005,0.0007
scarc,0.0001,0.0003,0.0002,0.0002
sce,0.0002,0.0001,0.0002,0.0002
scen,0.0002,0.0001,0.0002,0.0002
scenario,0.0008,0.0004,0.0005,0.0005
scenario-constrained,0.0002,0.0001,0.0002,0.0002
scheduling,0.0005,0.0004,0.0003,0.0002
scheme,0.0006,0.0003,0.0002,0.0002
schemes,0.0002,0.0001,0.0002,0.0002
scholarly,0.0001,0.0001,0.0002,0.0004
sci,0.0003,0.0003,0.0002,0.0007
sco,0.0005,0.0001,0.0002,0.0002
scop,0.0002,0.0004,0.0003,0.0002
scor,0.0002,0.0008,0.0007,0.0007
scratch,0.0002,0.0001,0.0002,0.0002
screen,0.0003,0.0001,0.0002,0.0002
scrutinizes,0.0001,0.0003,0.0002,0.0002
scso,0.0004,0.0001,0.0002,0.0002
sde,0.0002,0.0001,0.0002,0.0002
seamless,0.0002,0.0001,0.0002,0.0004
search,0.0051,0.0017,0.0031,0.0009
search-based,0.0003,0.0001,0.0002,0.0002
season,0.0001,0.0005,0.0002,0.0002
sec,0.0009,0.0013,0.0002,0.0002
second,0.0005,0.0007,0.0002,0.0002
second-best,0.0002,0.0001,0.0002,0.0002
second-order,0.0001,0.0001,0.0005,0.0002
second-rank,0.0002,0.0001,0.0002,0.0002
secondary-feature,0.0001,0.0003,0.0002,0.0002
secret,0.0005,0.0001,0.0002,0.0002
sect,0.0001,0.0003,0.0003,0.0005
sector-based,0.0001,0.0001,0.0002,0.0004
security-related,0.0001,0.0003,0.0002,0.0002
seek,0.0002,0.0001,0.0005,0.0002
seg,0.0006,0.0012,0.0003,0.0002
sel,0.0001,0.0001,0.0002,0.0004
select,0.0026,0.0013,0.0024,0.0038
self-adaptive,0.0001,0.0001,0.0005,0.0002
self-generated,0.0001,0.0003,0.0002,0.0002
self-healing,0.0003,0.0001,0.0002,0.0002
self-organizing,0.0003,0.0001,0.0002,0.0002
self-supervised,0.0001,0.0001,0.0007,0.0002
selfvarbl,0.0001,0.0004,0.0002,0.0002
sens,0.0017,0.0017,0.0002,0.0004
sensit,0.0005,0.0008,0.0003,0.0005
sep,0.0005,0.0001,0.0002,0.0002
sequ,0.0002,0.0001,0.0003,0.0007
sequence-based,0.0001,0.0001,0.0002,0.0004
sequence-dependent,0.0002,0.0001,0.0002,0.0002
ser,0.0001,0.0001,0.0005,0.0002
serv,0.0012,0.0003,0.0002,0.0022
sery,0.0001,0.0004,0.0007,0.0002
set,0.0016,0.002,0.0007,0.002
settl,0.0002,0.0001,0.0002,0.0002
setup,0.0003,0.0001,0.0002,0.0002
sev,0.0018,0.0009,0.001,0.0018
sfl,0.0002,0.0001,0.0002,0.0002
sfla,0.0003,0.0001,0.0002,0.0002
sgo,0.0003,0.0001,0.0002,0.0002
shad,0.0001,0.0004,0.0002,0.0002
shallow,0.0001,0.0003,0.0002,0.0002
shanno,0.0001,0.0001,0.0003,0.0002
shap,0.0002,0.0004,0.0002,0.0004
shapiro-wilk,0.0002,0.0001,0.0002,0.0002
shapley,0.0001,0.0003,0.0002,0.0002
shaptim,0.0001,0.0003,0.0002,0.0002
shar,0.0002,0.0003,0.0002,0.0002
shed,0.0001,0.0003,0.0002,0.0004
shift,0.0005,0.0001,0.0002,0.0004
shop,0.0003,0.0004,0.0002,0.0002
short,0.0001,0.0003,0.0002,0.0002
short-term,0.0001,0.0005,0.0005,0.0002
shortcom,0.0003,0.0001,0.0003,0.0004
shot,0.0001,0.0004,0.0002,0.0002
should,0.0001,0.0007,0.0002,0.0002
show,0.001,0.0016,0.0009,0.0007
showcas,0.0002,0.0001,0.0002,0.0002
shown,0.0002,0.0003,0.0002,0.0002
shuffl,0.0005,0.0001,0.0002,0.0002
shur,0.0001,0.0001,0.0002,0.0004
sigmoid,0.0001,0.0001,0.0005,0.0002
sign,0.0023,0.0035,0.0021,0.0014
signal-to-noise,0.0003,0.0001,0.0002,0.0002
signature-a,0.0001,0.0003,0.0002,0.0002
signed-rank,0.0002,0.0001,0.0002,0.0002
sim,0.0006,0.0003,0.001,0.0002
simil,0.0004,0.0005,0.0007,0.0013
simpl,0.0003,0.0004,0.0003,0.0005
simult,0.0002,0.0001,0.0003,0.0002
sin,0.0003,0.0001,0.0002,0.0002
singl,0.0007,0.0007,0.0002,0.0002
single-dimensional,0.0002,0.0001,0.0002,0.0002
single-layer,0.0001,0.0001,0.0003,0.0002
single-objectiv,0.0002,0.0001,0.0002,0.0002
sint,0.0001,0.0003,0.0003,0.0002
sit,0.0003,0.0003,0.0002,0.0004
situ,0.0001,0.0001,0.0002,0.0004
six,0.0004,0.0007,0.0002,0.0002
sixteen,0.0002,0.0001,0.0002,0.0002
siz,0.001,0.0005,0.0003,0.0013
skew,0.0001,0.0009,0.0002,0.0002
skil,0.0002,0.0001,0.0002,0.0002
skin,0.0002,0.0001,0.0002,0.0002
slight,0.0001,0.0003,0.0002,0.0004
slim,0.0002,0.0001,0.0002,0.0002
slow,0.0003,0.0001,0.0002,0.0002
slug,0.0002,0.0001,0.0002,0.0002
smadasyn,0.0001,0.0003,0.0002,0.0002
smadasyn-boosted,0.0001,0.0003,0.0002,0.0002
smal,0.0004,0.0003,0.0003,0.0005
small-scale,0.0002,0.0001,0.0002,0.0002
smart,0.0003,0.0001,0.0002,0.0005
smib,0.0005,0.0001,0.0002,0.0002
smirnov,0.0001,0.0003,0.0002,0.0002
smoo,0.0002,0.0003,0.0002,0.0002
smot,0.0001,0.0003,0.0002,0.0002
snow,0.0001,0.0001,0.0007,0.0002
soc,0.0005,0.0004,0.0002,0.0009
sociolog,0.0001,0.0003,0.0002,0.0002
socy,0.0001,0.0001,0.0002,0.0004
soft,0.0002,0.0001,0.0002,0.0002
soft-clustered,0.0001,0.0001,0.0002,0.0005
softcluvrp,0.0001,0.0001,0.0002,0.0004
softw,0.0001,0.0007,0.0002,0.0002
soh,0.0001,0.0007,0.0003,0.0002
soil,0.0001,0.0004,0.0014,0.0002
sol,0.0001,0.0005,0.0002,0.0002
solid,0.0001,0.0001,0.0003,0.0004
solution-oriented,0.0002,0.0001,0.0002,0.0002
solv,0.0092,0.0033,0.0031,0.0036
sort,0.0005,0.0001,0.0002,0.0002
sound,0.0004,0.0001,0.0002,0.0005
sound-bas,0.0002,0.0001,0.0002,0.0002
sourc,0.0008,0.0001,0.0002,0.0005
sources-based,0.0002,0.0001,0.0002,0.0002
spac,0.0022,0.0003,0.0014,0.0002
spacenet,0.0001,0.0003,0.0002,0.0002
spar,0.0001,0.0001,0.0002,0.0004
spars,0.0001,0.0004,0.0003,0.0014
spat,0.0003,0.0007,0.0002,0.0002
spatio-temporal,0.0001,0.0003,0.0002,0.0002
spatiotemp,0.0001,0.0001,0.0002,0.0004
speak,0.0001,0.0001,0.0002,0.0004
spec,0.0018,0.0015,0.0009,0.0011
spect,0.0001,0.0001,0.0007,0.0002
spee,0.0005,0.0001,0.0005,0.0002
speech,0.0001,0.0003,0.0016,0.0002
spherical,0.0001,0.0001,0.0002,0.0004
spik,0.0001,0.0001,0.0005,0.0002
spir,0.0001,0.0003,0.0002,0.0002
splits,0.0001,0.0003,0.0002,0.0002
spread,0.0002,0.0001,0.0002,0.0002
spso,0.0006,0.0001,0.0002,0.0002
squ,0.0002,0.0008,0.0009,0.0002
squeezenet,0.0001,0.0003,0.0002,0.0002
squirrel,0.0003,0.0001,0.0002,0.0002
srs,0.0001,0.0001,0.0002,0.0005
ss,0.0006,0.0001,0.0002,0.0002
ssa,0.0003,0.0001,0.0002,0.0002
ssim,0.0003,0.0003,0.0002,0.0002
ssl,0.0001,0.0001,0.0009,0.0002
stabl,0.0015,0.0008,0.0003,0.0005
stack,0.0001,0.0004,0.0009,0.0004
stacking-based,0.0001,0.0005,0.0002,0.0002
stag,0.0005,0.0004,0.0003,0.0002
stagn,0.0002,0.0001,0.0002,0.0002
stand,0.0001,0.0004,0.0002,0.0002
standalon,0.0002,0.0003,0.0007,0.0002
standard,0.0013,0.0005,0.0005,0.0004
standout,0.0002,0.0001,0.0002,0.0002
stat,0.0015,0.0017,0.001,0.0011
state-of-art,0.0002,0.0001,0.0002,0.0002
state-of-the-art,0.0014,0.0007,0.0003,0.0004
station,0.0001,0.0003,0.0002,0.0002
station-day,0.0001,0.0003,0.0002,0.0002
stcd-effv2t,0.0001,0.0004,0.0002,0.0002
step,0.0003,0.0004,0.0002,0.0002
stil,0.0001,0.0004,0.0003,0.0004
stochast,0.0004,0.0003,0.0002,0.0004
stock,0.0001,0.0001,0.0002,0.0007
stor,0.0004,0.0001,0.0003,0.0011
strain,0.0001,0.0009,0.0002,0.0002
strategic,0.0002,0.0001,0.0002,0.0005
strategies,0.0018,0.0005,0.0007,0.0011
strategy,0.0022,0.0009,0.0009,0.0005
strategy-fuzzy,0.0001,0.0003,0.0002,0.0002
strawberry,0.0001,0.0003,0.0002,0.0002
strength,0.0002,0.0001,0.0002,0.0002
strengthen,0.0001,0.0001,0.0002,0.0004
strengthening,0.0002,0.0001,0.0002,0.0002
strengths,0.0002,0.0003,0.0002,0.0002
strict,0.0002,0.0001,0.0002,0.0002
stridulating,0.0002,0.0001,0.0002,0.0002
stridulation-based,0.0002,0.0001,0.0002,0.0002
striking,0.0002,0.0001,0.0002,0.0002
strive,0.0002,0.0001,0.0002,0.0002
striving,0.0002,0.0001,0.0002,0.0002
strong,0.0002,0.0003,0.0002,0.0004
strongly,0.0002,0.0001,0.0002,0.0002
structural,0.0012,0.0008,0.0002,0.0002
structure,0.0004,0.0005,0.0003,0.0005
structured,0.0002,0.0003,0.0003,0.0002
structures,0.0004,0.0001,0.0003,0.0002
structuring,0.0001,0.0003,0.0002,0.0002
struggle,0.0003,0.0001,0.0002,0.0002
stuck,0.0003,0.0001,0.0002,0.0002
stud,0.0001,0.0001,0.0005,0.0002
study,0.0027,0.0041,0.0019,0.002
subdu,0.0001,0.0001,0.0003,0.0002
subgraph,0.0003,0.0001,0.0002,0.0002
subject,0.0001,0.0003,0.0003,0.0004
suboptim,0.0003,0.0001,0.0003,0.0002
subpop,0.0004,0.0001,0.0002,0.0002
subproblem,0.0001,0.0001,0.0002,0.0004
subsequ,0.0003,0.0004,0.0005,0.0002
subset,0.0001,0.0003,0.0003,0.0018
subspac,0.0002,0.0001,0.0002,0.0002
subst,0.0002,0.0001,0.0009,0.0002
substanty,0.0002,0.0001,0.0002,0.0002
substitut,0.0001,0.0004,0.0002,0.0002
success,0.0007,0.0005,0.0003,0.0002
suff,0.0001,0.0003,0.0002,0.0005
sugeno,0.0001,0.0001,0.0002,0.0016
suggest,0.0005,0.0003,0.0003,0.0009
suit,0.0013,0.0005,0.0002,0.0005
sum,0.0002,0.0003,0.0003,0.0002
summ,0.0001,0.0003,0.0002,0.0004
supermarket,0.0001,0.0001,0.0003,0.0002
superv,0.0001,0.0003,0.0002,0.0002
supery,0.0022,0.0009,0.0009,0.0004
supply,0.0005,0.0005,0.0002,0.0002
support,0.0001,0.0003,0.0012,0.0005
sur,0.0001,0.0003,0.0002,0.0002
surg,0.0001,0.0001,0.0002,0.0004
surpass,0.0003,0.0001,0.0003,0.0002
surrog,0.0001,0.0001,0.0005,0.0002
surrogate-assisted,0.0001,0.0001,0.0005,0.0002
surv,0.0003,0.0001,0.0003,0.0002
survey,0.0002,0.0005,0.0002,0.0004
sus,0.0004,0.0001,0.0002,0.0002
suscept,0.0004,0.0001,0.0002,0.0002
sust,0.0001,0.0003,0.0002,0.0002
sustain,0.0005,0.0004,0.0007,0.0005
sv100,0.0001,0.0001,0.0002,0.0004
svm,0.0001,0.0003,0.0002,0.0002
svr,0.0001,0.0001,0.0003,0.0002
swap,0.0002,0.0001,0.0002,0.0004
swarm,0.0028,0.0001,0.0012,0.0004
swarm-based,0.0002,0.0001,0.0005,0.0002
swbka,0.0001,0.0005,0.0002,0.0002
swiggy,0.0003,0.0001,0.0002,0.0002
symbol,0.0001,0.0004,0.0002,0.0002
symmet,0.0003,0.0001,0.0002,0.0002
symptom,0.0001,0.0001,0.0005,0.0002
synerg,0.0001,0.0001,0.0005,0.0002
synthes,0.0001,0.0003,0.0002,0.0004
synthet,0.0001,0.0005,0.0003,0.0002
system,0.0053,0.0023,0.001,0.0045
t-conorm,0.0001,0.0001,0.0002,0.0004
t-norm,0.0001,0.0001,0.0002,0.0004
t-test,0.0001,0.0003,0.0002,0.0002
t-tests,0.0001,0.0001,0.0003,0.0002
tabl,0.0002,0.0001,0.0002,0.0002
tackl,0.0006,0.0001,0.0002,0.0005
tag,0.0003,0.0001,0.0002,0.0002
tail,0.0004,0.0001,0.0003,0.0005
tak,0.0002,0.0003,0.0002,0.0011
tap,0.0001,0.0001,0.0003,0.0002
tardy,0.0003,0.0001,0.0002,0.0002
target,0.0004,0.0001,0.0003,0.0009
task,0.0009,0.0007,0.0009,0.0011
taxonom,0.0001,0.0003,0.0002,0.0002
tayl,0.0001,0.0001,0.0005,0.0002
tci,0.0001,0.0001,0.0002,0.0004
teach,0.0001,0.0003,0.0002,0.0002
techn,0.0023,0.0028,0.0029,0.002
technolog,0.0001,0.0007,0.0002,0.0009
temp,0.0002,0.0012,0.0002,0.0009
ten,0.0004,0.0001,0.0002,0.0002
tend,0.0002,0.0001,0.0002,0.0002
term,0.001,0.0004,0.0003,0.0005
terrain,0.0005,0.0001,0.0002,0.0002
terty,0.0001,0.0003,0.0002,0.0002
test,0.0035,0.0011,0.0007,0.0005
text,0.0001,0.0005,0.0002,0.0004
the,0.0004,0.0001,0.0002,0.0018
theil,0.0001,0.0003,0.0002,0.0002
theoret,0.0002,0.0003,0.0002,0.0002
therapy,0.0001,0.0001,0.0002,0.0004
thereaft,0.0001,0.0001,0.0003,0.0002
thereby,0.0003,0.0001,0.0002,0.0004
theref,0.0005,0.0004,0.0005,0.0004
thereof,0.0001,0.0001,0.0002,0.0004
therm,0.0005,0.0001,0.0002,0.0002
thermohydra,0.0001,0.0001,0.0002,0.0004
thing,0.0001,0.0001,0.0005,0.0002
third,0.0001,0.0003,0.0002,0.0002
thirteen,0.0001,0.0003,0.0002,0.0002
thorough,0.0004,0.0003,0.0003,0.0002
thought,0.0001,0.0001,0.0002,0.0004
threats,0.0002,0.0003,0.0002,0.0004
three,0.0016,0.0009,0.0012,0.0002
three-bar,0.0002,0.0001,0.0002,0.0002
three-dimensional,0.0004,0.0001,0.0002,0.0002
three-layer,0.0001,0.0003,0.0002,0.0002
three-month,0.0001,0.0003,0.0002,0.0002
three-quarters,0.0002,0.0001,0.0002,0.0002
threshold,0.0004,0.0003,0.0002,0.0002
thresholding,0.0005,0.0001,0.0002,0.0002
thresholds,0.0002,0.0001,0.0002,0.0004
throughput,0.0001,0.0003,0.0002,0.0002
throw,0.0001,0.0001,0.0002,0.0004
thu,0.0003,0.0001,0.0003,0.0002
tie-lin,0.0002,0.0001,0.0002,0.0002
tight,0.0002,0.0001,0.0002,0.0002
tigr,0.0001,0.0001,0.0009,0.0002
tim,0.0019,0.0016,0.0019,0.0005
time-consuming,0.0002,0.0004,0.0002,0.0002
time-sensitiv,0.0002,0.0001,0.0002,0.0002
time-series,0.0001,0.0001,0.0007,0.0002
time-varying,0.0001,0.0003,0.0002,0.0002
timefram,0.0002,0.0001,0.0002,0.0002
today,0.0001,0.0003,0.0002,0.0004
togeth,0.0001,0.0003,0.0002,0.0002
tool,0.0006,0.0003,0.0003,0.0011
top,0.0003,0.0001,0.0003,0.0002
top-k-performing,0.0001,0.0003,0.0002,0.0002
topolog,0.0003,0.0003,0.0002,0.0002
tops,0.0001,0.0001,0.0003,0.0002
tot,0.0005,0.0005,0.0003,0.0002
tow,0.0004,0.0001,0.0002,0.0002
toward,0.0003,0.0001,0.0002,0.0004
tox,0.0001,0.0001,0.0002,0.0004
tp,0.0002,0.0001,0.0002,0.0002
tpr,0.0001,0.0001,0.0005,0.0002
tps,0.0007,0.0001,0.0002,0.0002
track,0.0002,0.0001,0.0002,0.0002
trade-off,0.0003,0.0003,0.0002,0.0002
trade-offs,0.0004,0.0001,0.0002,0.0002
tradit,0.0008,0.0008,0.0012,0.0009
traff,0.0002,0.0003,0.0002,0.0002
traffic-related,0.0001,0.0003,0.0002,0.0002
train,0.0004,0.0017,0.0005,0.0009
training-based,0.0002,0.0001,0.0002,0.0002
traject,0.0002,0.0001,0.0002,0.0002
transcfccn,0.0001,0.0003,0.0002,0.0002
transf,0.0002,0.0004,0.0005,0.0002
transfer,0.0002,0.0001,0.0002,0.0002
transform,0.0002,0.0013,0.0002,0.0009
transformer-based,0.0001,0.0003,0.0002,0.0002
transit,0.0002,0.0001,0.0002,0.0002
transl,0.0002,0.0001,0.0002,0.0002
transmit,0.0003,0.0004,0.0002,0.0002
transp,0.0001,0.0003,0.0002,0.0002
transport,0.0006,0.0001,0.0002,0.0009
transy,0.0002,0.0001,0.0002,0.0002
trap,0.0005,0.0001,0.0003,0.0002
travel,0.0009,0.0001,0.0002,0.0004
travers,0.0001,0.0001,0.0002,0.0004
tre,0.0003,0.0007,0.0022,0.0014
tree-based,0.0001,0.0001,0.0003,0.0002
tremend,0.0002,0.0001,0.0002,0.0002
trend,0.0001,0.0003,0.0002,0.0004
trev,0.0001,0.0003,0.0003,0.0002
tri,0.0001,0.0004,0.0002,0.0002
tri-point,0.0003,0.0001,0.0002,0.0002
tripl,0.0001,0.0001,0.0002,0.0011
troubl,0.0001,0.0003,0.0002,0.0002
tru,0.0001,0.0001,0.0003,0.0002
truck,0.0001,0.0001,0.0009,0.0002
truss,0.0006,0.0001,0.0002,0.0002
trust,0.0003,0.0003,0.0002,0.0002
trustworthy,0.0002,0.0001,0.0002,0.0002
ts,0.0003,0.0001,0.0002,0.0002
tsp,0.0004,0.0001,0.0002,0.0002
tsplib,0.0002,0.0001,0.0002,0.0002
tsps,0.0005,0.0001,0.0002,0.0002
tum,0.0001,0.0001,0.0003,0.0004
tun,0.0006,0.0003,0.001,0.0002
tunnel,0.0001,0.0001,0.0002,0.0011
tupl,0.0001,0.0003,0.0002,0.0002
turbin,0.0002,0.0001,0.0002,0.0002
turn,0.0001,0.0003,0.0002,0.0002
twenty,0.0002,0.0001,0.0002,0.0002
two,0.0022,0.0005,0.0014,0.0014
two-archive,0.0003,0.0001,0.0002,0.0002
two-dimensional,0.0003,0.0001,0.0002,0.0002
two-level,0.0001,0.0001,0.0002,0.0005
two-thirds,0.0002,0.0001,0.0002,0.0002
typ,0.0006,0.0007,0.0009,0.0011
u,0.0001,0.0004,0.0002,0.0002
u-net,0.0001,0.0004,0.0002,0.0002
u-shaped,0.0001,0.0001,0.0003,0.0002
uc-merced,0.0001,0.0003,0.0002,0.0002
uiq,0.0002,0.0001,0.0002,0.0002
ultim,0.0001,0.0001,0.0003,0.0002
ultrason,0.0001,0.0001,0.0002,0.0005
ultrasound,0.0001,0.0001,0.0009,0.0002
un,0.0005,0.0001,0.0007,0.0004
unassign,0.0001,0.0003,0.0002,0.0002
uncertain,0.0001,0.0001,0.0002,0.0005
uncertainty,0.0002,0.0003,0.0002,0.0023
uncov,0.0002,0.0003,0.0002,0.0002
und,0.0002,0.0001,0.0002,0.0002
undergo,0.0003,0.0001,0.0002,0.0002
undergon,0.0001,0.0003,0.0002,0.0002
underlin,0.0001,0.0001,0.0002,0.0004
underrepres,0.0001,0.0003,0.0002,0.0002
undersc,0.0004,0.0003,0.0002,0.0004
understand,0.0004,0.0012,0.0003,0.0002
understood,0.0001,0.0001,0.0002,0.0004
underutil,0.0001,0.0001,0.0003,0.0002
underw,0.0001,0.0008,0.0002,0.0002
unet,0.0001,0.0005,0.0002,0.0002
unext,0.0001,0.0001,0.0003,0.0002
unfold,0.0002,0.0001,0.0002,0.0002
unhealthy,0.0001,0.0001,0.0003,0.0002
unidirect,0.0001,0.0001,0.0002,0.0004
unimod,0.0003,0.0001,0.0002,0.0002
unit,0.0005,0.0009,0.0002,0.0002
univers,0.0005,0.0001,0.0002,0.0002
unlabel,0.0001,0.0001,0.0003,0.0002
unlik,0.0002,0.0003,0.0003,0.0002
unload,0.0001,0.0001,0.0003,0.0002
unnecess,0.0003,0.0001,0.0002,0.0002
unparallel,0.0002,0.0001,0.0002,0.0002
unprofit,0.0001,0.0003,0.0002,0.0002
unsatisfy,0.0002,0.0001,0.0002,0.0002
unst,0.0001,0.0003,0.0002,0.0004
unstruct,0.0004,0.0001,0.0002,0.0004
unsuit,0.0001,0.0001,0.0003,0.0002
unsuperv,0.0001,0.0001,0.0005,0.0005
up,0.0001,0.0001,0.0002,0.0004
upd,0.0007,0.0003,0.0003,0.0002
upfc,0.0005,0.0001,0.0002,0.0002
upgrad,0.0002,0.0001,0.0002,0.0002
upon,0.0001,0.0001,0.0003,0.0004
urb,0.0003,0.0012,0.0002,0.0002
us,0.0049,0.0088,0.0066,0.0047
usd,0.0003,0.0001,0.0002,0.0002
util,0.0013,0.0013,0.0012,0.0011
v,0.0001,0.0005,0.0002,0.0002
v-net,0.0001,0.0003,0.0002,0.0002
v-shaped,0.0001,0.0001,0.0003,0.0002
v3,0.0001,0.0003,0.0002,0.0002
vac,0.0001,0.0001,0.0002,0.0007
valid,0.0013,0.0017,0.001,0.0004
valu,0.0013,0.0016,0.0007,0.0011
valv,0.0002,0.0001,0.0002,0.0002
vanill,0.0001,0.0001,0.0003,0.0002
vary,0.0033,0.0031,0.0014,0.0029
vcc,0.0001,0.0001,0.0002,0.0004
vect,0.0003,0.0004,0.001,0.0005
vehic,0.0007,0.0003,0.0003,0.0011
ver,0.0002,0.0004,0.0005,0.0005
vers,0.0002,0.0001,0.0002,0.0002
versatil,0.0003,0.0003,0.0002,0.0002
vert,0.0005,0.0001,0.0003,0.0002
vessel,0.0002,0.0001,0.0002,0.0002
vgg-16,0.0001,0.0003,0.0002,0.0002
vgg16,0.0001,0.0003,0.0002,0.0002
via,0.0003,0.0005,0.0002,0.0007
viabl,0.0002,0.0003,0.0002,0.0002
video,0.0001,0.0001,0.0002,0.0004
view,0.0002,0.0001,0.0002,0.0005
vigil,0.0001,0.0003,0.0002,0.0002
vik,0.0001,0.0001,0.0002,0.0009
vil,0.0001,0.0001,0.0005,0.0002
virt,0.0001,0.0003,0.0002,0.0007
virtu,0.0001,0.0001,0.0002,0.0004
vis,0.0001,0.0009,0.0002,0.0002
visit,0.0003,0.0001,0.0002,0.0004
vit,0.0001,0.0003,0.0002,0.0002
vitamin,0.0001,0.0001,0.0005,0.0002
vivgg19,0.0001,0.0003,0.0002,0.0002
vix,0.0001,0.0007,0.0002,0.0002
viz,0.0001,0.0001,0.0002,0.0004
vlekriterijumsko,0.0001,0.0001,0.0002,0.0004
vlsekriterijumska,0.0001,0.0001,0.0002,0.0004
vns,0.0004,0.0001,0.0002,0.0002
volatil,0.0001,0.0003,0.0002,0.0002
volt,0.0005,0.0004,0.0002,0.0002
voltage-dependent,0.0002,0.0001,0.0002,0.0002
volum,0.0001,0.0001,0.0002,0.0004
vpe,0.0002,0.0001,0.0002,0.0002
vrp,0.0002,0.0001,0.0002,0.0004
vuln,0.0001,0.0004,0.0002,0.0002
wait,0.0001,0.0001,0.0002,0.0004
wal,0.0001,0.0003,0.0002,0.0002
walk,0.0003,0.0001,0.0002,0.0002
wareh,0.0001,0.0001,0.0003,0.0002
wasp,0.0002,0.0001,0.0002,0.0002
wast,0.0001,0.0001,0.0002,0.0007
wastew,0.0003,0.0001,0.0002,0.0002
wat,0.0001,0.0004,0.0019,0.0014
wathb,0.0001,0.0001,0.0003,0.0002
wav,0.0001,0.0015,0.0002,0.0004
wavelet,0.0001,0.0001,0.0002,0.0004
way,0.0003,0.0003,0.0002,0.0005
wban,0.0003,0.0001,0.0002,0.0002
wbnas,0.0002,0.0001,0.0002,0.0002
wca,0.0001,0.0001,0.0002,0.0005
weak,0.0002,0.0003,0.0002,0.0002
web,0.0001,0.0001,0.0002,0.0016
webnlg,0.0001,0.0001,0.0002,0.0004
weekday/weekend,0.0001,0.0003,0.0002,0.0002
weight,0.0007,0.0019,0.0014,0.0022
weighting-cloud,0.0001,0.0001,0.0002,0.0004
wel,0.0005,0.0012,0.0005,0.0004
welch-like,0.0002,0.0001,0.0002,0.0002
weld,0.0002,0.0001,0.0002,0.0002
welf,0.0001,0.0003,0.0002,0.0005
well-being,0.0001,0.0001,0.0003,0.0002
well-known,0.0004,0.0004,0.0003,0.0004
well-separated,0.0001,0.0001,0.0003,0.0002
well-suited,0.0001,0.0001,0.0003,0.0002
whal,0.0002,0.0001,0.0003,0.0002
wheel,0.0003,0.0001,0.0002,0.0002
whereby,0.0001,0.0003,0.0002,0.0002
wherein,0.0001,0.0001,0.0002,0.0004
wheth,0.0001,0.0001,0.0002,0.0004
whilst,0.0001,0.0003,0.0002,0.0002
whol,0.0001,0.0003,0.0002,0.0002
whos,0.0001,0.0004,0.0002,0.0002
wid,0.0006,0.0007,0.001,0.0004
widespread,0.0001,0.0003,0.0002,0.0002
wilcoxon,0.0004,0.0001,0.0002,0.0002
wild,0.0003,0.0001,0.0002,0.0002
wildl,0.0001,0.0001,0.0002,0.0004
wind,0.0002,0.0001,0.0002,0.0002
window,0.0005,0.0001,0.0002,0.0002
wireless,0.0004,0.0001,0.0002,0.0002
within,0.0008,0.0005,0.0009,0.0011
without,0.0002,0.0007,0.0002,0.0002
woa,0.0003,0.0001,0.0003,0.0002
wolf,0.0004,0.0001,0.0002,0.0002
word,0.0001,0.0007,0.0002,0.0002
work,0.0006,0.0013,0.0007,0.0013
worldwid,0.0001,0.0003,0.0002,0.0004
would,0.0001,0.0003,0.0002,0.0002
wrapper-based,0.0001,0.0001,0.0003,0.0002
wsn,0.0003,0.0001,0.0002,0.0002
wso,0.0002,0.0001,0.0002,0.0002
wt,0.0002,0.0001,0.0002,0.0002
wts,0.0002,0.0001,0.0002,0.0002
wwtp,0.0003,0.0001,0.0002,0.0002
www,0.0001,0.0001,0.0003,0.0002
x,0.0001,0.0003,0.0002,0.0002
xai,0.0001,0.0001,0.0002,0.0004
xbd,0.0001,0.0003,0.0002,0.0002
xpl,0.0003,0.0001,0.0002,0.0002
yag,0.0001,0.0001,0.0002,0.0007
year,0.0002,0.0003,0.0005,0.0004
yet,0.0003,0.0007,0.0002,0.0002
yield,0.0004,0.0005,0.0003,0.0002
z,0.0001,0.0003,0.0002,0.0002
z-shaped,0.0001,0.0001,0.0003,0.0002
zero-bias,0.0003,0.0001,0.0002,0.0002
zomato,0.0002,0.0001,0.0002,0.0002
zon,0.0002,0.0001,0.0002,0.0002
